Design,ppi-pred,ppi-probability,predicted-pKd,design_info,Target,True_template_pKd
MPSAFQIGLALVAAALDRALPEPYRGLALAIAAELSGLPEEELRRLVEAAEKAASADLPFEQQVGLALARIAAAVAGVGLARRAPSLPPEELLAAIREAIEEGGRIAAKALTRSGALEPVLAELP,1,0.9996,6.5502,TEMPLATE,BHRF1,8.070581
RLVEVAEPAASADFPFEQQVGDLLARIQAMVMGVGLGRRAPSLPPEELMAAIR,1,0.999,6.9716,mask-rate:0.37; positions:44-97,BHRF1,8.070581
MMVAGWAAKMMLMNLIMPESQLSGMVLPYMKMAEADASFHM,1,0.9997,7.332,mask-rate:0.66; positions:21-62,BHRF1,8.070581
MPAAFLFLLQLLAAALLRSPASPSRMLAGLIMAALLELWPPLLRMLHEALESAASAMLVELQAVGTARAMCPQPAAAVPLARMAPSAPTEALSLMQEEAIMMHDGGALAILTASGALEPAMEELM,1,0.9989,6.9003,mask-rate:0.62; positions:0-125,BHRF1,8.070581
MPSAFQIGLALVAAALDRALPEPYRGLALAIAAELSGLPEEELRRLVEAAEKAA,1,0.9994,6.9171,mask-rate:0.02; positions:0-54,BHRF1,8.070581
MPSAFQIGLALVAAALDRALPEPYRALALAIAAELSGLPEEELRRLVEAAEKAASADLPFEQQVGLALARIAGAVAGVGLARMAPSLPPEELTAAIREAPEEGGRILAKALTRSGALEPVLAALP,1,0.9997,7.1571,mask-rate:0.08; positions:0-125,BHRF1,8.070581
MMLALIPSLPLAQAHPLPQLCRPYRMLKYALAMRHPTAPELITRRLSMCLMKAADFIMHTRHFVLPARMMPWQAVMRFEDLMRNTSRLYRTLHLAKRLDMMISMSSPCQMHSGMKSLAPMAPPFP,1,0.9996,6.4932,mask-rate:0.78; positions:0-125,BHRF1,8.070581
LMQKAHAAMMWSLLLYLLVKSMMKRMHKLWLFMMMWELALMMTMAGNVGPKMCMRLMSVGPRPLM,1,0.9951,6.9758,mask-rate:0.85; positions:28-93,BHRF1,8.070581
MPSAFQIGLAEVAAALDRALPEPYRGLALAIVAELSGLPEEELRRLVEAAEKAASRDLPFEQQVGLALARIAAAVAGVGLARRAPSLPPAELLAAIREAIEEGGRIAAKALHRSGAEVPVLAELP,1,0.9997,7.0608,mask-rate:0.06; positions:0-125,BHRF1,8.070581
MPSAFQIGLALLAAAVSRLLPEPYRELMMAIAAELSGLPEEELRRLAEAAEPAASAALPFEQPVGLLLYLIAMAVAGPGHARIA,1,0.9996,7.3832,mask-rate:0.22; positions:0-84,BHRF1,8.070581
MPLAPQLSLALVLGSSRRSLSPLLDMDAMAEMHKAIGLASDQLMRDVPLRMPAADYMLVFTQAVPLACAAIVNAQAGFMAPAMKSSIPPAEALATMAAIIEEGPSTVLKGFSRMALLLPRGQCAM,1,0.9998,7.1785,mask-rate:0.67; positions:0-125,BHRF1,8.070581
MPAAFQIGLALVAAAFDRFLPLPYRMLALAIAAELSGLPEEALRRLKEAAERAASADLPFEQQVGLALARILAAVAGVGLARRAPSLPPEELLAAIREAIEEGGRIAAKALLRSGALEPVLALLM,1,0.9994,7.5329,mask-rate:0.15; positions:0-125,BHRF1,8.070581
MMSLFQALHALVMATLKRFLPLVAMGSLLALAAWLGGRPSEERRMAVEDAELRHSADSPYEQAVGLGLARIAADVARTTPARMALSIEPEGLLAAIQQAYMEGRRRRACAESAMAAVEPVAEEAP,1,0.999,7.2785,mask-rate:0.48; positions:0-125,BHRF1,8.070581
PYRRLALAIAAELSGLPEEELRRLVEAAEKAASADLGFEQQVGLALARIAAAVAGVGLARRAPSLPPEELRAAI,1,0.9972,6.8386,mask-rate:0.10; positions:22-96,BHRF1,8.070581
MPSAFQIGLALVAAALDRALPEPYRGLALAIAAELSGLPEEELPRLVEAAEKAASADLPFEQQVGLALARIGAAVAGVGLKRRAPSLPPEELLAAIREAIEEGGRIAAKALTRSGALEPVLAEEP,1,0.9996,6.7179,mask-rate:0.06; positions:0-125,BHRF1,8.070581
MPSPAPWARALVFAAGDIGADEPCNGQAWEIMAEAMRNRLRELRMGAEAAMPAASAMQALEAVVGVRGGMLLAGLMGLGLGPRAPGAPPLLKLWAYRDLSMEGGSIAQKAATRSGALEPVLAELM,1,0.9996,6.9632,mask-rate:0.65; positions:0-125,BHRF1,8.070581
MEGAFLFTLELERAVRMGLRKDLEMPGGLVAAQEASPINAVHAMRSVEAPMPVGLAMAPVWVAGGPLGAMDNKAVMFSSLEMMQPSLPHELLLALSWEALMEGHLINGHILSSMDFVEPALAVTP,1,0.9876,7.2787,mask-rate:0.83; positions:0-125,BHRF1,8.070581
MPAEAQATLYLAAQVRGWALPRPYRGLSLAIMAEFRGVPSELYRRPVSAAELAAEADLLYEQMVGLKAASAPILRAAEGGQRRALGLPLPGLPYMILEGLEEAGEIPQKALLAMGALEPPLLALP,1,0.9992,6.2057,mask-rate:0.55; positions:0-125,BHRF1,8.070581
MPSAFQIGLALVLVALDRALPERYRGLGLAIAAELSGLPEELAPRLVEAAEKAASADLPFEQQVGLALARIAAAVAGVGLARRAPSLPPLELLALSREAIEEGGIIAAKFLTRSGALEPVLALLP,1,0.9992,7.1162,mask-rate:0.11; positions:0-125,BHRF1,8.070581
MPSAFQIFAALVAAALDLALPTPQSMLLLAIAAELSGLPELELRMLREAPMKAASAMLPFEQQVVLALAMIAAAVMRGPPARRAPSLPPEELLAGLREAIEEGKNIFTKALARSKAPEPNLAEEP,1,0.9997,7.1204,mask-rate:0.31; positions:0-125,BHRF1,8.070581
MPSSFGIGAALPARALFRALPELRRGLALWDAMEVSGLPPELLMRRVEAAMKAEEADETFEKQVTLTCAMGAGCVMSVQLARRAPVVRLRELFAAILNQLMEGLRIARAALLRMGIVEEVMAEQM,1,0.9997,6.2077,mask-rate:0.45; positions:0-125,BHRF1,8.070581
TELFIRYYGSEGKTERKTMFCFTTGRCYECHCGHPGRDGCMNKMKGWTIPYYMIMRTADSIWSDLAFQGDICDNKWGCREQDSWYTWVNSKMGYFWVEWLKDVNVDMTLQWGSQSPDWMAMLFRR,1,0.999,8.7264,NEGATIVE_CONTROL,BHRF1,8.070581
GHPDLDTILILADWYKLNRPKLKYPQDETFSGTFCWRRPVWESLMVREFSSLRWPTLRLIPEFVGHMRWMAFIGTWGFVTGFTCGVMITRLCLMEFKLQTMTGWPNCDHTDILWGRSVTGQDHGH,1,0.9804,8.3171,NEGATIVE_CONTROL,BHRF1,8.070581
EKGGEATNWIPDWIEDQVTDHYMYITIQMHHCSIDHIIDRNSKIECTPMGDVFQFIPHEFSQNLTLVEQRGAYGFWCNWHFAMAFFPVYWSYIGNHDNLWKTGEGKVPCMTCLYYVHDTTYWMPK,1,0.9979,6.7498,NEGATIVE_CONTROL,BHRF1,8.070581
HISLLSVGDVLPPYYVHLNKCIDFLAQHHKYNQPNRSHEADWAQFGNEDPLWLYPWRFVRTMEQFSCHAFLCQHQIYNLSASPTCEYWQDQFGFQEALNEYLMFGCYQFAPIGKKRPKARHFDTI,1,0.9977,7.5224,NEGATIVE_CONTROL,BHRF1,8.070581
CHHQCYSSRVVYHWSHPEAFLKKPCGQCKWWMTDMHSEFEFEKCWNWVPMAEVFYFNNEHPNDWNQCATAFISGKNTGACGHFVEFFYVPTVHPEWEVKSPTPRFRFPRTNKQWQGMTLTLKVWWQKPPGIFFTNFHYVCQKHISGK,1,0.9595,8.4934,NEGATIVE_CONTROL,BBF-14,7.6798537
SDLDHFWHSRRRHNAHKLHIPQCIFGKEDHFIRKWIMYFKPRQMMGMVFHQFTDCGEPTRWKYTCVGPVCPVTINYSFPRELEVFGTTTTHTYSNLFHCIHRMDVQACDWVMLLETVACGSFTDIMSKKELWMMNEMRSGWIMPLSV,0,0.0029,8.7007,NEGATIVE_CONTROL,BBF-14,7.6798537
GVTWVWPTMYRDGVKVHPVMPNLSCQETQYTFFLRDQQATDCKPGFMPWTYKLATYMWTQNHQVDAWVPVVFECESAKQSPWKGLHDNNENMYKPGYSDGISTMACDSMMTNHQLTKNNLMWAKSNHHAIKAVEPRKISYGCRWKMY,0,0.0608,8.1861,NEGATIVE_CONTROL,BBF-14,7.6798537
PNTEYGVLDAYVGREFYLFECNMCYSEYKTWARTHEWTCWALKMQFSANKCGGETALHVYMTEHGKTDLYWLDDWDFLATLHQPTTAIKEHYVSFHHSDSGSVIGIYDGRDMKSWKHEVWSRDWQEHFEYWLWELAMCAAWEAGMIC,1,0.998,8.8026,NEGATIVE_CONTROL,BBF-14,7.6798537
MQWKGYIKWLMGMCLMNIQVVKHGSRAMDALFMWHIFWIDFRTCGRFVRKSLTMKIWDKKYMNNSPAVGWDKAKSNGRQNEFQDTLITRGRKWCEKDFVFRKAKHTDSPLDFTGQIQWIVMEWPYTIYFTWHQIMRPVGCQEVMIPS,0,0.0089,8.4937,NEGATIVE_CONTROL,BBF-14,7.6798537
DYPCIIFGGMYKPDAYCTEEKMTRSMLDVCNHGYRYWASLWISPIGQCELVVPNFCKHIHISYSVLGQFSPHIMRERKIIYKLWLCIAKNTKRMPMAMIDSACFRRWYEMIENPFWKQHHGFDTRRCNLDYWSYWMPVRMAHPHIVI,0,0.2056,8.5224,NEGATIVE_CONTROL,BBF-14,7.6798537
GTGYNKLIGQCHCFQRPASVFQNIHQWMRGHWHSEWRCTHFKNDWGTMYKEICLTVRHTTMWCEFRGHIKFIWQHRLARFKWKAGLNRRVYVMAMDQHAEHPLAPYKEFKTYWYHRHRSEMHPYDAKFKENDQSEVYDRLEWSSLPW,0,0.1385,7.7093,NEGATIVE_CONTROL,BBF-14,7.6798537
MQNDGEYPGPYCSHENWMGKMVKTIETAHHQKSMHAGLQMLDWVGDPAGKSTDYSDVFAGEEIQFQDMNSWYIWPVCQETTNHPSQEAITDFEPVMDGDGPDYGNFIHMSQPDQNLDYHCYAEFRCNSVKHMHIRGCPAYHVLNRQT,0,0.0011,7.8523,NEGATIVE_CONTROL,BBF-14,7.6798537
NVVLEFVTVSMWGDSLMMVWTSAEVFPLPKKVTWENLIDMPWIHCDYHRHTIMWGYQHQAFHLADWWRFQFYVWRSFERNDYVPCTCCLDRGHIWKSVSYFWLCWHRGGGDEWMAQISCCGMGWYSIFQSNTVLQNYEWCCDVMTPL,0,0.0552,8.8658,NEGATIVE_CONTROL,BBF-14,7.6798537
IHSPPDEMFYNDWGIISHWHGFQCATDYRHPGDDSHHHRLVRTSCNRMQSICQPGGAMKYAKEHGKPCFHKQNYGRNIMVVIPVFHERQLQNVVWMDQDGYDCLHEAHQQATKDFYWYFTFQGFIQIQMIEHIANELDQCSHMLTKQ,1,0.898,7.9837,NEGATIVE_CONTROL,BBF-14,7.6798537
REFTYNVSEGAKKVDLFGVCSIIAFPTIEDMPRRTFHCGMEGEATRKRGQCCIVDAYAWLMDHIAEVYWHLQCCYQPRALNWTTFFKQKDELYPAWPEHFTWKNHESSCEWNWAYTAVHWSRLQPAKRMTDKQFFFCVTYFEGMSKV,0,0.3622,8.4218,NEGATIVE_CONTROL,BBF-14,7.6798537
SKTTHDKWDCSGSYWRKWNNECCIWAGNFCFKDIFMTAIYNNCRPMHYFWYCNMQNLYSLVLWLEINTFPWVCILFRWNMELGLLERPNITRTKAGWAKLSNVYRVWRMGEHAQVIARRSMRCDEFASRDLQNNFFKKQVNAEKFHE,0,0.0007,7.6897,NEGATIVE_CONTROL,BBF-14,7.6798537
YELKCFPLVEWRQTPKPLYMYMKKYGFEQKWCFGQEKMTMVTVAQSIERIFCKCQVDSQSLGMVYTDMSQMPAFQTVFCGIDWCTSGEHLYDYWPKHDKYDCGALVVSRFTYGCVSFQKCLHSDLYAEEFLGHDIIPAPRRGMIDDC,1,0.6453,7.9044,NEGATIVE_CONTROL,BBF-14,7.6798537
YDNRVMVDRPYCWEFPQNIGTAVYIMVWTVISYHWHRKYCFFANYWWPFHEINAYTHNTIVQAFTYTPWHGYRPHGALCGMVLDEYESFGNRKFKVDAPRQCIVCTRMPMMYLCETTGYDSQDYCKIQYHNYDNSCFDNHMWILWFC,0,0.0748,8.2688,NEGATIVE_CONTROL,BBF-14,7.6798537
DHVIMAWHFDIMVAKDWCERKEHYPPTQKLEITWIKMHIACFAPVKYACWYVSSYSFEDILCPEPSKDYCIDRPFTTVHGRGSIWRNHAADNQFPGTDVDCVDYKWTSEMPHLGFLIMHEHLGHIDNAMIKSWRCYEGFKPAHNFAG,1,0.5776,8.1389,NEGATIVE_CONTROL,BBF-14,7.6798537
QQRCLIVIMKNSEVWHWSWKNNNVFLDCTCNNRDGFSDTFGVIKAFFEHYWAKHHTTERIEGSENKWSPGRISDHSESSWPYNAPLHTYCEYMGIPRDGQEVWHYACKLYWDGTKSTDFSHDWLGFWISVDEYCYSLTEWVYIITDQ,1,0.6964,8.9671,NEGATIVE_CONTROL,BBF-14,7.6798537
PKTDDEHTIPIIVLWGENFAVVAQPWNFFFEIQNYRTRHDGLGDASSSHMICISVGCMKVLKVKVKRWWNMCCTDGRGDCKKMVTPQHDVLVVMLYDNNMFTCSLGGMHIVECPRHTNIFQRQAF,1,0.9997,7.2769,NEGATIVE_CONTROL,BHRF1,8.070581
CVLRMKMTQWRRICMNEMWKANFMMEFVSAWIMGGHVGLRLSHHNEGGRFRGPTICIEEYIVLNKRKSFKYHCFCMRGQKHDHQFHNEEIRIMVGRHVSQYARPYFQPAVPRKNDWARSKFYPPS,1,0.9993,7.7511,NEGATIVE_CONTROL,BHRF1,8.070581
SLANAYAPWNPFAGSDALPDGTFAGVHVQCYEAFGNWYKRCHDPEANPCMPGWHRCTAKQNTWRIVYMTTYVHYDRAAWDHQALFVFKTLVITSLDTCPQDYRVKMNQLSIGDCEMEKKMHLNAQ,1,0.9983,6.8125,NEGATIVE_CONTROL,BHRF1,8.070581
ICNHGCSFGMQWDGIPRLMACVHAWEPCTIESGVLAKNVTCLLNPQTCHQAIERQIMCIKSAHNRYMDACMCVINEIISYNNCSQNLGIISTEYKMCQSLNNLHLIQQTWHKSNQNHQYIYQYMA,1,0.9997,7.6865,NEGATIVE_CONTROL,BHRF1,8.070581
FKVLNRECMAWPHHDNQWAKWQWQIMLQHFPLGMHWVHEYWTGMYAGNSVICWLLGWTGGFSFDTWEIHDYRGCSPFDTCHDLGLYICPNMCAVNHAVAKDGQQVQGQFLMPEMKGHIWQGSWTH,1,0.9985,7.3954,NEGATIVE_CONTROL,BHRF1,8.070581
RQLEQMIPDHCEEQCHTSHQWGCSCYAHNCSETSEWLEFIPPNLPHLFPCQGYYCSQFKVNVSQELRIPGMMGRIADIYVQIHDGCHSIHNFACLHVEGGSQLHGNRFTEFMVLYTMCTEFLWHL,1,0.9993,7.7661,NEGATIVE_CONTROL,BHRF1,8.070581
NLKVTHESMHNGMYMGDWGAVLDASNVQGLWEQCVSHDTEMICPDKLSRAAWVSFANPNWVWMWTRNSLKHISYGHSVWSIWVLFNYMVPVGSQIGRKWFHQFKFFDNNQPDKDIHNWAHIHMAA,1,0.9983,7.7033,NEGATIVE_CONTROL,BHRF1,8.070581
FKCDKCFWMDFFKSNASVPQWGWSYTILVCWFTTNGGPNMRLWGGFGRNLCTWCRCWVNFANEMTSRMGGHNVLYQTYLPWAMLVVSAPWVLCNDFEFAKCRVMFDIKPNGYHQKQADEWVRRHT,1,0.9854,7.3267,NEGATIVE_CONTROL,BHRF1,8.070581
NEMWIWICARIDYWWQQFAAIKGVSTIMPQVFITWFPKKHESFHWGGQPHNCQIDLSCRGSPTSYGAYWLSGLRAWLIRFKQETCMWYQNSEDTYRFWPGYLTSSIFYNTIVRYQRRSATRLGFS,1,0.9992,7.9916,NEGATIVE_CONTROL,BHRF1,8.070581
YEGTVRTRFKPLHQSEYVRRSCSQRPQENCHWMYNCPQEWGLNWPSVKYQMIKCVRYQNKLIMNHTWLVERSLTHVFLKVEWQNCTANKDQQHPKILNSTHQTERSFSWQTLRNFIPCVHINQCY,1,0.9993,7.3456,NEGATIVE_CONTROL,BHRF1,8.070581
LCEPTFKIAEKCPWIWGALYENHGGSAWQSVFMNDVAMQLCSSTVFHCNDEVMGREMHGVFNIPWTFSKTTVAPMRGAGKDEPENEMFKYGNHFDNGHIICWRTMEDPQDHYCRLAILHWMFWGH,1,0.9996,7.0756,NEGATIVE_CONTROL,BHRF1,8.070581
PGSNDWTTGKKKMCEHLCVDEWWHDGRRMVSLVWMWWAIDDDCYEFQVSHYIILKLNCPMPNKALQVTDNCFQTAWPCKFRLRYQVEKLCEETRQGVMTDMHILQCWVGNTEWSFAIDARIIAQF,1,0.999,7.4705,NEGATIVE_CONTROL,BHRF1,8.070581
THFNFCTWYWACNHGHKAFLPEHVFHTHNQYSWWCYGHQNQRFRECHKAKGTNADQHRLSLDETADPGRNDYCDCVARSCHRPDMEMYCRMAQHMLMIFRVHPSLRLVIDSQNIKQIKMKFMLAV,1,0.9992,7.7302,NEGATIVE_CONTROL,BHRF1,8.070581
QYWDIQVHTPEWMKVDWNIRQEKLGRWDDQTDATLEHGTNFTRQGRYDGFKWHYHWMMTFFQFVAIHTFDYRQKRANGHPRRPTVLIWCDTVMWNWYPNSCDYRCQAFPNHTVVEEHQYMIKFHQ,1,0.996,7.7969,NEGATIVE_CONTROL,BHRF1,8.070581
VKEYAAMYMEGKELTDWAYCHMMQPHRDDTVECEDSFYGDSHIHKENKGRIFCNCKVWGAWQTSNCEPLWIMKLNTCQLMPVHWLIVQGFPIWNTHSVHEFHCPVVNKQTFPCFRHGFIFKKQPY,1,0.9978,6.8283,NEGATIVE_CONTROL,BHRF1,8.070581
VSESVPYTKSMVQANKYHCWCNWDSYLETVPYIYKHDAIDIRQAHTEYDRNAGAPQKWDMLDFPWSCWYFNIAHPQWHGGMLEENIKFMNYRGKDRAAFKRLHNMFQDQINSKGWEQRLQIWHID,1,0.9969,7.1952,NEGATIVE_CONTROL,BHRF1,8.070581
VHQYPYERKYMDNQFGRRNAHHSIEYEKCMCRDSMSNFQIVQKADDERNRFNTSPDHNNLSTLYGLWDKTAQKSYEWLIPEEKTMDHKFELWTPTAQQSCQNKYVGKMYFQGYCWTIQTANCTYGYALASTNSFEFKTSYMSVSQHTEIEEGYRYQSWLLPHLMRGTAAPRIRHGENTAYCQWNKWENIDLIMFDMHKMQFYTPMEIYGKPSRATQWAWDTEDVKTCLGVLYWTDFHHIQW,0,0.161,8.1012,NEGATIVE_CONTROL,EGFR,8.918238
NMFYTNDPRDHKIEVPCALAIMMNEDVMRCSAAHDHYAYWPSNWWGEIPLTWWYDLCNHRDCNCILCDRHRQLMQPEFFLINCFYCIHRFSDVWYPFRLPQHPRMHNCIKNYFCILYELSIRVSCYRAVMFVTGMYQNQFHFNCIPMQYEYQKMCMEYLCDIVEEKDPTVMVIELIGCAVIFKNHYMPFPGKWREGTSVPFFVWCLGAVVYLWQIKMISDEKDLRKDKFMWWWDSGIREKC,1,0.9997,8.0036,NEGATIVE_CONTROL,EGFR,8.918238
PFGANWRGRSKVFQAIHYQTSEGVMCRNAWRPCNHGVTLDIEINHFKFGAAHNRTAWFYKLRFAIDETIRTLCQDWLAPAACPVEGHYQNHYVQRYANKHVGCGDFFQRCDRNYDLFKMDMSSWIEQDGIRHSSMHTLNINMVLPQADLNICSYTGMCKNKFASFWKLWIYQQRVAMDAFRLYTKLTMRIQNPHRGFDCNDMKGPLGDHQCFSKILPQQRWATDFYGTIYMGTMPTRRAGP,0,0.0841,7.8488,NEGATIVE_CONTROL,EGFR,8.918238
ANRIGECQEKTIQFSTTRFYMTNAHCFAMLGAVCAGEKIHIWTNWKAPCRYHSLGNQKQQWINFSREPETSLPVWALSKGVDREPVMDIHRPMAWLVHHVEVPSYIASSHAYERCMDMKSMQCQDTIPKKPKPLYWVRNENKDPYWVFKVDSIPKMNFGEATFYCMANYRWTYKWVKYKVDGQENNSKGNPIKVFAWWTLNPYRTDIMWMQHYSSQSWGFWSWMSTWDDANPRGLANVMSY,0,0.3339,7.7665,NEGATIVE_CONTROL,EGFR,8.918238
YAKGQRSVCQCNGGEVCEHVAGYGCNSHVHRFPGVFVLGEDTYFMTGPRPDHSGDKALVHGWHCAKLQCSCMCMLMTTVKCKACVCVLPHAARHMIFREDRKWLARTTWYYWNDDMACKCYMDMCTDCTKVFNFDETFRKRIIPRFASDDRCVLSVGEQAGDISCSCQVFCMRTPTKMIMKIMSECPSWKWMLNICQIRNIVVGGWVLMQECFIEQDAIDDHAIAYQTHTCDYMRWSTGKA,1,0.9991,7.7785,NEGATIVE_CONTROL,EGFR,8.918238
DTTTQSNQYVLYSTIECDTLGNWVPSDFKLFLEVLKGKREPHPRELDTFEWENPSHNMYPKMSYVYNFMIDSEHTCLCLCDQTSWNHSDKIPFIRMKTWGDSLKWAAGTKCYIHEPVGANAQWLIKDVAIFTQKPPFYHQKLCWYYCCAGEQNHMVQHYHHTDQKWNARSLCDPGWRSWNGPQYYWYRQMNDMKWRQIVAKLLIVFSKMPFHTYEWDPCPHYHYPKKAWYEILRENNVFCS,1,0.9985,7.752,NEGATIVE_CONTROL,EGFR,8.918238
DEDQGLTIKLHWCSRDKEHFNQQECMIKPGAIISMGLEIRFCHALKSMSHMLMCNDCHDMLRHKHTSGQPYYDSDIPYEQYIFRIMWLDFHSMLPGHSGKHHRWIYRGMQPLDVQGMASKGLDNFSIASEIGIQHKNLNWMWLSNSEGATDTITCSKNNHKMYCDLKSMYGDLSTEGRDATRLYFELKGESTGVDEMDSCGKYVRQAQYYGFYMAGDSQCIWSCETIQLVWMNEDPRRRYL,1,0.9925,8.0733,NEGATIVE_CONTROL,EGFR,8.918238
SMTMCIVWPNFYQADHRINQSIKHRQPCCNRFQQLCAWLADKWPNCPCFCSDTCSKQTYNQWIMHPFWRFSEKHRANLGHSNMLNTRAWNQDTQIETFCWDIELYAIPSATGHRTQDEDKFLKKTGTWRETVACWYQRNPVRFRQEQLTNGTVFKWQVTVDDSFSEIWQIKECGDDGMGTSIWGCRSATWTARIKELGQSKFWECNETIGLTMTDVDPEEIIPNHGDAQDRFHRTGNMMCR,0,0.0842,8.2852,NEGATIVE_CONTROL,EGFR,8.918238
KTDNGPFLSPCYYSGPSQKRQSSPPTKVLYNEMHTQHRARPINPRKLYHTIYDQKEHPSEGGYTVMPSHCVHGHQMMCRVQDCAEALVERPKAKLKFCLPWLRVMDFKDSFMGYCCPEPENMDKFSFYHACNYAKLDAEVNDCPCPCEIYDRKSNQNEPWRGSVNHNCSNSYYDANDNWRSQRYAHVHTPTPLCAEPVYKWGQQCLIAKDHAVARDMCQPDYKRDQHCVFLFSQIKSMSIC,1,0.9995,7.6926,NEGATIVE_CONTROL,EGFR,8.918238
GVEGFAEWWKAKDSGDMWIAKLICTYDGVMSKLTINNRRVRLRNDCHNEYEISNMYSHIICEDRCPYPRALDDMANWSHGKYGVYHGAIGIWDDPKTMHYGNTMDAPCYSHHEQMPHVQAIYIVKFLYCCRMKNATGDTNWYQQCVAMTDAVTIYWEMFECPKMWAQAHQAGFAVCPVIGNFDNLLKNRKQWNWEILNIKYVQDKFPTERCQLMGQDPDRVATTFKWWQVQKGGHHHYTDL,1,0.8478,7.783,NEGATIVE_CONTROL,EGFR,8.918238
QYFAIWTMFGYMYSCHNKNSRWFHHVSVNWMSYWTLQMMKGIWHEMLHNPKNGDVRAPDNQRYIFHQYILAAEGRYAFYPQCISIIKDNRWYWGWGTGILEAWFFFTNNDRAEMRVGATVRSYHMYCAKTMVVQPTLLIMRLNLFTMTFFKYGTNNHGPNTKHDDWWRSMVMFPDLCMIQHERLWPMAYWNPKSPFLTSSRLYMEWVWAHYIDVFEWQLIWVSWFCLHKAPIIELVFVCLN,1,0.9993,8.4931,NEGATIVE_CONTROL,EGFR,8.918238
EWMDGWCDQAHPKWMDAQGCDEDSWRRKMQERMSHCIIAGFGNGTMRYTIAFCQVREHADWLHTRRPSYQTLFGQLIIGRPIGCYKIPAKHCDNDMHPKRYVENGHKFGAVLQNGPHQVQASPRQHGHMATKFKDCYIHWLFEFTCGYAHMAIGRTNAADFYWILFSSAGCNAFVNLYGPCQYKKCFQHGKMHTSGRVNQRHFGATQSCVPRYMIQNLRLYMYGECKPHCAIVSNCRSQCS,1,0.9986,8.0995,NEGATIVE_CONTROL,EGFR,8.918238
GCHLWNQPFKPACNVSDLPWCWKCPICVVRFEHMHWHDSHHQEEIYWHGHTGLIGLEPRCDRGKAVAYIWGFMTYILTMNDFGCDLKFGMEECADVCPSLLMQDKPHINCDNEPPCDNKPAFSKRTDSEMGSVFPLWWGDERMAIPGMIKMWNGVWHALRHISHDTICMQRRCMKGFGVGEVTQAMACIQITCMSDYKFGWEYTFRVVNELGTCKLARESSYLHYMFGHVCVWNKTCKQEA,1,0.9914,8.2648,NEGATIVE_CONTROL,EGFR,8.918238
KCIHCIRCWEQAWLGVARVMLLNQIWNQMKFHSWHYEMFCDRIDIKTPYDKTRMCKQWTYSFPGWAYQKRPKHTPSYVIVLQEQCMDAVPPWFLCWTVWHCNDHQAVMKMVKRCWMQKKTCYWAKPGATFDVLVMTGKCADITIKSTRMVIVGYWMRRQAYAAELPKPYVKALICTARVDTYMSPVQRLEYFCVTDTFKEWGVSRDEAHNINWFSEENNSFRKMSCQTMFMEQTLFLGSHL,0,0.2243,8.2966,NEGATIVE_CONTROL,EGFR,8.918238
TNIHQPDEHMVWPMNMACLTVWPPCPHMFDPMGKCGWPKDSAVLIFYTIATKIASSYWVCWETKQPMHCEHWMCNETAMLTYRLQDWGSDNETSRHDRTASTVPLIVGHLDLLSHYECPDHEYWIRGLVNSSRVDTFVQICPLFTHSSVCPTIHFCSYDKRPTSDHTLPAMRQLHQFACRTICSCDEHSNWFIESSDGGHIEMVPDCAIVWKDKMFAHNKIHGTTAPKTYGYWHRSDNLFV,1,0.9948,7.632,NEGATIVE_CONTROL,EGFR,8.918238
FPSSDLYCIHLMNHGHVHNEAKIWEKKTPLRVHRICWWDYIWTYMSSVNNYCNVHWQSVWIIEICEMAKYRECWTEREDLGGLKTPGPEGIHDVTTNRNFPEIQKNQHLTQQVYHAFELDETCGYYPSECWLQAPFKEITQWNTVGPIPDGALFQTVRWQNHDSSYTKMPYKREFYSPMEIGHPCEHVIRWIYLYNIACVRFANCHKPCVAGNGADNGVMPHLGWLKDLKTWPYQLHLASN,1,0.9702,8.2323,NEGATIVE_CONTROL,EGFR,8.918238
QVQLQQSGPGLVQPSQSLSITCTVSGFSLTNYGVHWVRQSPGKGLEWLGVIWSGGNTDYNTPFTSRLSISRDTSKSQVFFKMNSLQTDDTAIYYCARALTYYDYEFAYWGQGTLVTVSAGGGGSGGGGSGGGGSDILLTQSPVILSVSPGERVSFSCRASQSIGTNIHWYQQRTNGSPKLLIRYASESISGIPSRFSGSGSGTDFTLSINSVDPEDIADYYCQQNNNWPTTFGAGTKLELK,1,0.9992,8.8306,TEMPLATE,EGFR,8.918238
MAQSEQSGPGAAMPVQMSLRNQAATKESSTVMSCHSLLQNPSKVLPGLLVDSSGDEMGENNSFTGLLSILKETSKMQVNFGPNPHQMLRTAIKYAQRAVGRKICFGPSLCQPNLVESHLCGTGCSCIPSGKVMSPILFPQDMTIPSMTPPRPVFESCNSGKTRGTTIHWCFCILMVGAKLRAKYNLIRIGYIPSRWRMMHSEVEFTLYRMMDERDDMMTYNCDQNDLEQTDFGAGMESEAM,1,0.7687,7.6461,mask-rate:0.70; positions:0-241,EGFR,8.918238
QVQLVQSGPGLQQPSQSLLITCSVSAFTLTNYGVHWVRQSPGKMLEALGVGWSFGNTDYNTPFTSRLSISEDSSKSQVFWHMNSLQTDDAAIYYCARALFYYNYKFAYWGQGTRVLVSAGGGGSGGGGSGLGGSDILLTQSMVIHSVSHGERVSFTCRSSQSIGGNIHWIWQRNAGSPKCLIRYMSEPISGIPKRFSGMGSGTDFTLSINMVDPEDMALYYCLQNNSRPTKFGAGRKLEMK,1,0.9991,8.0932,mask-rate:0.22; positions:0-241,EGFR,8.918238
MAQGKLVRAGAGMGGLLGGLSGGKYSMSLKLMMNGSVMMSMASMMMFWSRAMQEIGTMTHKYFGRTAGM,0,0.0001,8.275,mask-rate:0.62; positions:108-177,EGFR,8.918238
MGSTSGQTDDVPMYTCTRALRRYSYEGQHWGMGSGLCVSAGGGGSFGQGSGGGGNAILRAQPMMSLSRFPGERVIMSCVDAQSILNM,0,0.1478,8.3093,mask-rate:0.53; positions:79-166,EGFR,8.918238
MASFKAVAAPQVMPARMKDTTLTVLEEECQKYGSERPRESMAKMVVFIRTYGRIGTMTSNTGSWLRWKELFYVAYSSVNPPGAPKRDYIAHGNYSNNRGTYVDRYATAYPPLSPMQQHPGKIGSWGPHFTGFMREKGGNQNMAGQSQGPLEQCSFYHFKWFLFPTLMHTRQDHHVLLPSRNIHYMSESWNPTPIRKVMMELGQARLPSQMMALDHSMAEVKMQMAVQTEMDAEQGSETQVM,0,0.0229,7.7607,mask-rate:0.90; positions:0-241,EGFR,8.918238
MMLIVFMQPGTALPSMPGWYTFSCTPGSAESMGPHWVPPHREAMLVQAHLPPYNPVMKHYDNPDPDLSTLIDARFMASAMHAASEQHFNKKCLDFDPQIHMWWAHRLYKGPFKLFTVFCVRGGPYGGHRLVRMYAIERTQVMVNSENQENIGRCPVCLGIYEWYNNMKWRQFQGTKSFCVQIRNMRMKKVLTSHHSQMMDKDMDGDTVRMMGVLCGMMKVYCQWTYLTHMEMLAISRLLCM,0,0.1443,7.7057,mask-rate:0.85; positions:0-241,EGFR,8.918238
QVSLWQSGPGLVQESQSLSITCTVLGPKLTNYGNHSVSQCSGLGLEWLGVIGFPPSMAANTPFTSRLSISRDTRKSQDFFKLNNLQTDETAIYYCARALTYYDQETAYWSQQTLVQPSLTSSGSGRGGSGGLGSNILLTSSPVILSVSRGRRVSPSCQASQSIGTNIFWYQVATNIVPKLSIRYMSEHISGIPSLFSGSRSFTDFKLIIMGVYPEDIMDPLFQQSNNWPMTFGAPTVLEVK,1,0.9511,7.6535,mask-rate:0.28; positions:0-241,EGFR,8.918238
FMYWGQLTGVTVGAGGGGSGGGGGGGGGSDIMLTQSAVILHSSPGLRVMFLCRASQSIGTNIHWYQFRTNGSPKLLVRYASAWISGISKRFSMSGAGADFTLSM,1,0.9997,8.1511,mask-rate:0.28; positions:105-209,EGFR,8.918238
MVQLQQSGPGLVQPNQSLDITCTVSGSLLTNYGVHWVRGSFGKGLIWLGVIWSGGETDDNTIFTSRLSISRDTHKSQVGFKMNSLQTDDTATYYAARANTYYDYELLYWGQLLLPTVSGGPGGSGGGFSGGGTSDILLPQSPVILSVSPGERVSFSCIASQSIGTNILWHQQRVLGSISLRIRYASESIAGIKWRFQGSGSGTDFTLSINSVDPEDIADYYRQQNNNWPTTFGLGTKLELK,1,0.9954,8.2745,mask-rate:0.16; positions:0-241,EGFR,8.918238
MVALSQSGSGLVQPSLSSVISVTVPGFGLTNMGVAWVRQSPGKGLYPVGQIWSLGNTDYNTYFTSILNILNDGSKMQSFFKMNLLQTDSTSIFNCPAALTMYDFEHAYWGPGTLATVSAGGGGSGGGRSGGGGHDILLPQSPAILSVRPGERVSFPVRASQSVGTNIGKYKQRTPGSGKSLIVYASESISGIVSRFSGMGWGTDFTVSLNSVLPEDIADYYSQQNNFWPTVFGAGTKLEEK,1,0.9329,7.9675,mask-rate:0.31; positions:0-241,EGFR,8.918238
MLTEPVSGASLTNYLVHWVRNSPGKGLEWLGMMWCLVNTDLNNPFTSRLTMSPATSKMQVRFKRNLLLDDDTAIM,0,0.2854,8.2393,mask-rate:0.40; positions:18-93,EGFR,8.918238
MMWVLQMAQRGLETLGVVLSGKNTKYNNIFTMPLSIPGDMSASQMLFFMHRLSTDDTAIHYRRRALTYADGEEPPMGGPHLQTVSGTGGGDGGQHSAGSGSDILLTVSPPLFSEMPQHSVSESCRRSWSLGTNVHWYSMRTNGSPKGLRLKMVLSISRIPAPFMMFKERFDRALKLNMVRPAMIAVPPGDTNNVSPFTATAGTKLLM,1,0.9802,7.8607,mask-rate:0.57; positions:33-240,EGFR,8.918238
QVQLCQSGPGLVEPSQSLSVTQSSSWASLTNYGVHRVRFSPGKMLAWLGVIWSDGNTDYNTPFQSRLSISRDTSKMFVFPKMNSLQTDDTAIYYKARALTYYDYERAYSGQATLVTVAAGGGGSGGGGSGGGGSDILLTQSPVILDVSPGERLSFSCRASQSHGTNRHWYQQRTNGSPKLLLRYASESISGIPSRFSGSGSGTDFTLSINSVDPEDIAKYYCQQPSNWDTTFGAGTKLELM,1,0.9995,8.3229,mask-rate:0.17; positions:0-241,EGFR,8.918238
QMLLAGSAVSLVQVSDSQLITCDVMRMQYTRYMGRNDIFYGVEGMEDAGVLLFIGNMMKNTPFPSVLSIGRDYSTSQVGTKMGGEQTDLRAIRYQEILRTMYDYVFAYWGQGSSVYHSTGGGGSGTVGQGLQMARILQYSSPVSNLSTQGHLLPERRRVHRSEVKNYHNYTQRTNLSPKLLWLYASEYNSFSPNVFSMMQSSVGFTLSANGGCPCDMGEWYRPDNKNWQMGAGVGRKLELM,0,0.0,7.8897,mask-rate:0.56; positions:0-241,EGFR,8.918238
PFTSRLSISRDTSKSQVFFKMNSLQTDDTAIYYCARALTYYLYEFAYWGQGTLVTVSAGGGGSGGGGSGGGGSYILLTQSPVILSVSPGERVSFSCRASQSIGTNIHWYQQRINGSPKLLIRYASESISGIPSRFSGSGSGTDFTLSINS,1,0.9988,8.2151,mask-rate:0.02; positions:61-211,EGFR,8.918238
QMSAGLCDPSPVLSDGRGSSCFSLTGRGVHWMRQLPGKGMMILGVQWSGLNNMMNHMFTVSLSKIRDTSKIQVGFKMVQLQTDDMAIVYGAAALTY,1,0.9996,8.3525,mask-rate:0.48; positions:5-101,EGFR,8.918238
QVITQQSGPGAVQPPQSLSITHRLSTFSLTFMGHHWLGGVPADMMNWVPGIISGGNTDRNTAFTRRLGISRRTSMMCSTRKNMSDGTKATAIHYCSRPLIYTDYEPAYWGQVTLVTGSAGGGERGGGSSAGGYSDILLNQSMVALLSSPGGRVSFSCRRSQSIGTNIPWYRQRASTLGRFGIRQASSSESGDPRRVLMSGSGTYITLSFRDVDLAAIMDSVCGQINDWPMRWGAGTALEFK,1,0.9966,7.6641,mask-rate:0.37; positions:0-241,EGFR,8.918238
MAQRENCEGMYEEAPWGQIKARGGSLGEGWSGGLMALLQRSYIMMNSWPVILMVRPMMFSSVACCMMQRIGARIMMYRQHRLGSPKLIRRPASAIALGAAMQFSGSYSG,0,0.0154,7.9401,mask-rate:0.64; positions:93-202,EGFR,8.918238
GGNTAYNTPFTSRLAISRDTSKSQVFFKMNSLQTDDTAIYYCARATTYYDYEFAYWGQGGLVTVSAGGGGSGGGGSGGGGSDILLTQSPVILSVSPGSRVMFSCRASQSIGTNIHWYQQRTNGSWKLLIRYASESASG,1,0.9993,8.2699,mask-rate:0.11; positions:53-191,EGFR,8.918238
QMASFLNGPRMMLSIEKQSSCFSMMNYRVAYMRQHPGLALELGGMPPSGVLTFTNMMFMSRLSIWAD,1,0.9844,8.128,mask-rate:0.50; positions:5-72,EGFR,8.918238
KMLKEQWLQMFDMVDRFTWQFGCLSGVHHYLGPNTVAVETNIWKVVHSDEFDAGGKFSHFGLRRTCNPDQKFPNDQAGDEKEMHFLRWQMCPGKFPGRHNRTCCPQRKWCPKMIALERAHPAGGQDFDTRQYSFVMVTKNCWFKVQYNVCIKEMLCATPRALQRMCVHQPWLTPEGGKGPLWPNTTALQCSCNKLGRYMDNAIMWHKKHEYQTEMETRQQDAVCFELHYLKSLGVPMGLYR,1,0.9994,7.8542,NEGATIVE_CONTROL,EGFR,8.918238
QKCNTPTKGDMDICCKEYCSHIGMWGELREQFSGAWIKVQNSYPMFKEEFWYGEDFSGKSSLADCLCLGTIELCDEHWLVWCYKVRNVQWQGARETWFSLHNDPWCYVDRDIIRTCFEWTDKMTLDMCRKHNTKRVVKGNRRNWFSACPELGFSNHYKAADVDQQEVGMWSSGQVIAFLPGFHPAFIELTEIAWHCSYMYMRTSTRPAGNKKFRNQRRRVKFCLRKDHKKWEGAKRCDCPI,1,0.9726,7.9536,NEGATIVE_CONTROL,EGFR,8.918238
KDGGNVVHMELSIAATIDLDHDASMASSICKHSQTWDPIFSGIYFEFCCDVADSSEPSFMYTHQSDWHWVKWTDDEEWWLIVQWHLVHKVQTMKNVAVGGPWFEYHAIAANTACRTSTFRATIGSVCENLTDVHWYIFTYPWVREYHVDVETPAVYDMHGPHGTDWQENWQVPIMIGDGPRCSLKNVETHGCDEMAENGTMKDRPNMQRSFLYCNKYKWDSRGERKEEDDPHQQPYEEINE,1,0.9975,8.0948,NEGATIVE_CONTROL,EGFR,8.918238
FIYYWCCYFAAHPVRRQGSPGPNLVYPCDIFDPQCEWMVYRKPHTSINNLRTKFIDGVAGWLKASMWDQLIKGQVTGDFPLFCAYIKPDHPHPWSCIDWPTAFPFRISNRPPMEEGGCVSLYDCMFRNGGFPHWGCVPKGSLFACLIRYGDKHMDCQHVCYIIGHSGVRFGHRLIKNNLNGCDHFTFMGRTKMFDAPWWTIDNENRVQFTCTDFWYYYSLKCESFQKTLYAWTSGDPHVHW,0,0.0019,8.021,NEGATIVE_CONTROL,EGFR,8.918238
SPIQEEIQKKVRELLEKLIEYLEELKEKAKPPFKEKLEEVIEGLERLKEEVDKVQLNMNLIVFEGLEVDEEGRVWFIVKEMLHATTEEEALENMDKFLESWEKVFKELLEYHFEHNDTSPTFDFFLDFLWWQLYGEPMPKGSHHHHH,1,0.7638,9.5862,TEMPLATE,BBF-14,7.6798537
SPIQPEIQKSVREANEALIEYLEEPPEKLSPPFKEKLELVIEKLELLKEEMMDLQLNMNLITSEGLHVDPEGLRLFLVKEMLHETTEEEFLEEMDKFLESWEKVFKETLEYHFEHLDLSPTFDFFEDFLWWQLNGEPMAKGSHSHHH,0,0.0239,8.9639,mask-rate:0.27; positions:0-147,BBF-14,7.6798537
SMSQASLQLKVSEILSGCIAYYNELKEKVKPMMHLKLEEVIEGLERGKITQDKVSLNMNLINFEGLEEDPEEMLWMIVDENTFVTNVPEALMTEYLHHEEMWHVMKETVEPHFVHNDRSATFDFFHDTLEWMLYGEPMHKGSHPSHH,1,0.8315,8.4425,mask-rate:0.56; positions:0-147,BBF-14,7.6798537
SMIQEEIQLKSVELAEELIEYLRELKEKAKEMFKEKLEMVIYGMERAKEWVDKVQWNMNLIVDLGLFVDENGRVWFIVKLSKHATKEEELLMNMLKLLEAMEHMFKFKLFYHFEHNMTSPMFMFPLDLLWWQMYEMPCPKVSHHNHM,0,0.0005,9.4356,mask-rate:0.34; positions:0-147,BBF-14,7.6798537
MPIQEEIQKKVRELLEKLIERREELKEKAKPPFKTKLEEVIEGLMCLKEEVDKVQLNMNLIVFEGLLVDEEGRVMFIVKELLHTTTEEEALENMCKCLALWEKVFKEQLEYHFEENMTFPTFMFFPDFLWWQLYGEPMPKGSAHHHM,0,0.0127,8.8961,mask-rate:0.15; positions:0-147,BBF-14,7.6798537
FKEKLEEVIEGLERLKEEVDKVQDNMNGIVFEGLEVDEEGRVWFIVMEMLHATTEEEALENMDKFKESWEKVFKELLEYHFEHNDTSPTFDFFLDFLWWQLYG,0,0.285,9.7078,mask-rate:0.03; positions:32-135,BBF-14,7.6798537
VRETLEKLKMSLYEMMEKQPFFFKESLEEVIEGLMQPKEVVLGMMLMPRLIVFEMLEV,0,0.487,8.4705,mask-rate:0.44; positions:10-68,BBF-14,7.6798537
SMIQEEIQKAVREDLMWLDEYLENLEEKPLPMFKEKLLEVYLGMMLLKVYVDKVLENPNLYVFEGPWGDEEGMFWFIVYEMRHPNIEEEFLENMDKFLEAWVKVFKENCEYHFEVNSTSPAFMMFLDFLWWHLYPEPMPPGSARHGM,0,0.0121,9.1176,mask-rate:0.33; positions:0-147,BBF-14,7.6798537
SPITEINQKKVRELLEFLIEAWEENKLVAPPMFEEKLEEVIKGLMGQLEEVDKVLQMMNLSHFEGLEVPFCGRIKFIVKEMKHATTEEEVSEKMKKFLESREKMFKEQLEYHFEKNMTSPTFMMSLDFLWWPLMEMPMPHGHGGHHH,1,0.5031,8.7612,mask-rate:0.36; positions:0-147,BBF-14,7.6798537
SPIQEEIQKKVRELEEKLIEYLEELKEKAKPPVKEKLEEVIEGMERLKEEVDKHALNMNLIVFEGLEEDEEGRVWFIVKEMLGATTEEEALENMDKFLELWEKDFKELLEYHFEHNDTSPCFDFFLDFLWHQLYGEPMNKGSHHHHH,0,0.0442,9.536,mask-rate:0.10; positions:0-147,BBF-14,7.6798537
SPIQEEIQFKVEELLEKLIEPLEELKRKLKPPMKEALEVVIPELMILMESEPKVQNNMSLIVRELLEVDEEGMPWMIVCEMLGITTEMEALENSDKFLISWEKVFKVLLEYSFEHNMTSPTHDMFLTELRWQLYPMPKPDGLHHHHH,0,0.0033,8.7517,mask-rate:0.33; positions:0-147,BBF-14,7.6798537
SMISESYVSKALMAFEKYMFVTEEAEEKSPFPMAESEEQMWEGMERLKTEVDSCELMMNLIVFESLKSTPELQVSVIVKLLLHFTETCVALEKMDFFLELMEKVFHESLPVHFADNDTSPTFMMFLPVLQSQLYAEHMARVCSWGHM,0,0.0007,7.9476,mask-rate:0.58; positions:0-147,BBF-14,7.6798537
KMSPRFNEGSEEVIGLLGEFMEIFDGSRWNRMTFVAYAMEVANMPWRELLVMMIINMAGERFRMMNDEPFMMNSNKHREEGKLMYLRPNDDSKTM,0,0.0033,7.3455,mask-rate:0.76; positions:27-122,BBF-14,7.6798537
EMPQLECREMSRMMVARDEELIEKKKVKVSPMLEESFEEYEFFKEMWDSTELYRLLMMYQEQKMMYWKRQEGERREMAHAVRANEARE,0,0.0019,8.1356,mask-rate:0.64; positions:4-92,BBF-14,7.6798537
EKFEEVIEGLERMKEEVKKVQLNMNLIVFEGLMVDVEGRVGFIVKEMLHASTEEEALENLDKF,1,0.9819,8.3366,mask-rate:0.04; positions:34-97,BBF-14,7.6798537
MMELLVKLMEYLEELKEVAKRPVKMKLEEVIEGLERLKEESDLVQLNMNLKVFEGAEVEEEGRVWMIVKEELHITMEEEARENMDTFEEAWARSFLEELKYHFEHEDT,0,0.0044,9.102,mask-rate:0.32; positions:10-118,BBF-14,7.6798537
MAYATENSKMVTCVVMLLSASGMKRQGIQKDMKRWTDCRSISDMEASMTMHPKVSLMVALDFTMTLPELEEPRMEMLVTEMSHIQDPHLHMMQMECFMESMERMMIMSLESAFKHNMTSPTHMMFGDGLLQMMEFMLMLHGLEKMTH,0,0.0005,7.6396,mask-rate:0.79; positions:0-147,BBF-14,7.6798537
SMSQAEILKKVRELLEKQKEYLEECKEKASPMFLEKIEEVIEGMMRLKEQNDKVGHMMKLEEQEYLEFDESFMVFMVEKETELLTTEEETLENLMKDLESMEKMMNEFLEKALGHMMTSPSFMFFMPFHWRQLCGMQMPRNSTQHHM,0,0.0002,8.5668,mask-rate:0.47; positions:0-147,BBF-14,7.6798537
SQIQEEIQRKVRELLEKLIEYLEELKEKLKPPFKEKLEEVIEGLERLKEEVDKVQMNMNLIVFEGLEVDEEGRVWFIVPQTLHATTEEEALENMDAFLEDMLKVFKVLLEYHFEHNDTSPTFDFFLDFLWWQLYGEPMPKGSHHHHH,0,0.3087,9.0864,mask-rate:0.11; positions:0-147,BBF-14,7.6798537
MEARMWFKVKEILRADMESLAIRIMDKPLERMEKAFKENLEVYFEHNDMSPTFWFCLDPL,0,0.4996,7.9351,mask-rate:0.61; positions:69-129,BBF-14,7.6798537
FMVLEVDEEGRVWGIAETMLILKTMEQGLENMDKRLEMWEGPFMMLLEKHFQHNMTSDTFDFVGDFKWWQLHGEAMARAS,0,0.01,8.3193,mask-rate:0.31; positions:62-142,BBF-14,7.6798537
QFKSIQIFNQYSHLPVYMLDEVKRDMHTAYLDWQQASYNVFEHTTFQGVDMTLEGWVPHQHLWSETHFILKPIIPSMGWFAIGHPEHCIWIAMINQAMEWYSVVDHWDGPHDDEEMHSIMYSCQLAFPQPWGPGANNTHFFMVCMQR,0,0.3738,7.9167,NEGATIVE_CONTROL,BBF-14,7.6798537
CREQGKMCMTKMDQTDMACWDYNCRRGPFWLILQCLWQYDKHCYITVNQVRECQRYKKQFEGFVVSHIKVEELDYTKATIVYFTVHVSMDQVYPSSQHVDNAPRAAYYGFSDLHFYMWKKAKMCDVEPCCKLAFENAMTSNCREFPI,0,0.0129,8.6397,NEGATIVE_CONTROL,BBF-14,7.6798537
PGVWSDAQLVEELECCCLEMDAVMTLAMRTNSAECLESGPFQWDRMDEAGRTYQKHDNYVSIWCTTWQCGRCVCQPWYNVKWTYTITTSAISQYPDATVDYIVHLWQQWHRHWQPSDWHCFLSTRCPAIVGMISYPANIFRPLKGFA,0,0.2825,8.3169,NEGATIVE_CONTROL,BBF-14,7.6798537
QGPSVMVIRDVGDCLDFFTHGAMQGTSEQFDDMWQHVQMWQMFMEKANSHLRLRLCKKFYAIMHHITWMDINNQVQDGGVCDPCSMWFRWHAMAWFWWHVETTRQGQSFNYYVCEYLMVCCIMYSQQQWNEQQRNRSVPAHYTHMHS,0,0.0177,8.4183,NEGATIVE_CONTROL,BBF-14,7.6798537
IIQPLMFRAHAVINKKIFLCTHGMFGAYHYCEDGKMQRWVIWWLDSGTVHHIECTECLWMTVMRFRVLKTGAHVMIHELSPEYTKCAPNCRAVAAIVMTLRQADDIKLLEQHSRHD,1,0.9977,7.3876,NEGATIVE_CONTROL,Cas9,6.422508
NNRYTGVWENDINRNYWGIAKVWWQRAQVVGSRQDAPPGDQECEPGLQVPSAKLKAKEDLSQVEKRNMTMWIMTDEVERDSLEHWANGKERGPKFQMLSDFCMHEEGFNGNLGTRE,1,0.9994,7.384,NEGATIVE_CONTROL,Cas9,6.422508
NINGQVIREKAIEVEVLHRIATHMFRLQYIVEFWTCNYHKYYFQPEYQHKVTQHVKWKVDCSPVGQINNFPYNPLVHWGGCVPQCWMSWWKRPEYACWKTRVQMMEYPGHDYPYKK,1,0.9243,7.2948,NEGATIVE_CONTROL,Cas9,6.422508
YMPFSDIFTKICYQKCMISWAASYASLLWECLGSTQKCLHMCFGYECTMMRYRYGATNIQVRQQQCQDFVRRSPWRVVCQQKEWWQVMQMDQTDKQAYCEHYCPNGIVCMVMEGPF,0,0.087,7.2986,NEGATIVE_CONTROL,Cas9,6.422508
GCSKGDCGFRWAHMNFQHGQTDLIEQFWRTPWWTSMPHSFHLYANDHHQFTASRCNDQKVKHVGQIERYDKRFPPFMYLEMIERSYVMHCLDQVMFMWRGQSPKDKTQKLKTTDAQ,0,0.216,7.4157,NEGATIVE_CONTROL,Cas9,6.422508
MNIHHFFYRPMGTQYLQWYLRNCYMPNGLHMFTCFQDKPPDQWLDEYPGAELYTQETEEMVSVEIEYNGKLMSYPDPNTATESWITGMQVAQTCCSNVQYHWCNKGMFWGDYRCTR,1,0.999,7.3787,NEGATIVE_CONTROL,Cas9,6.422508
GGFAERCTWCTTQWGWPSQVGHTIHYSAPVPTEGPDATGPCLEGSTFYVAYIPIRWTSWTFRIYWDCSRTFETMKYLLLMSVQWRRYKWRGHEFCVSTFEKWVDFPPNWNCGVYSR,0,0.0147,7.2874,NEGATIVE_CONTROL,Cas9,6.422508
CEHPYQNEYCKNKEVEPECVWRNPFFDDTYDPLRFEHCTAWSDRNPQMELWPWELFVDRNLPEPEFYFQECNVTIWSESQIWPGTARFFPHLTLNSACNRTPFEWVHGPCEIQTMT,1,0.9893,7.0842,NEGATIVE_CONTROL,Cas9,6.422508
DGDWVKRSHAIFKDEYENNFKCKNEQRFNVFEGWVAILANMSKPCDIDCLKCLKQGISHLQTDQATVFINLASWMWNERLYVGMNQFCPDADYRCAEWKAMAFCTCYCTCWCPNWP,0,0.452,7.2032,NEGATIVE_CONTROL,Cas9,6.422508
DIQDHGSMEKLGQDKIDWAGTNCYKRPECMLQLFWYKPKTAFWTAKSIDPTINMAWGVCRCGRIKCNVQAFACDVFWYLRPMMRRWLYLEWEVDYYHDKTSTMYHKRDKGPLSCVI,1,0.6408,7.2296,NEGATIVE_CONTROL,Cas9,6.422508
PARWYFQDWYSTDYDDVRQDEGSPDPIDVAYSMIWSFWYPPFGYDENFQNTFCPYRMTNLPYADTFNNPEWLFCRDTTYCLADACMEHPADRKTWEALPNLQFYIWTSVETNYYWK,1,0.9948,7.3883,NEGATIVE_CONTROL,Cas9,6.422508
TWLVMNSQDYMHSRHQATWYKETYIYVYTWEVRMKNSYIFHIGNYALFAETYQANWWLNNHVHPQSETWRSFRDRSAFLWAPRPEPYVSRGFDKMCCCCSMEDQKQFDNSLQRISY,1,0.9894,7.2167,NEGATIVE_CONTROL,Cas9,6.422508
KSEELQTKCGWDQQYINSYNAQDDCWQDLVMQAIDGNMFSLPGFEREAIYKNLHDGSHHKCPMDDTSKGMMACVLYYRFVCAGFEIQEGDWVIACQVITGTTRVQTKLTSVETAQL,1,0.9985,7.4252,NEGATIVE_CONTROL,Cas9,6.422508
DYDANQVFRKPTQHSYMPFMCQVVVNGSQRVSPIMPPSFYDWPAGCCPAMHKIWISNQRAQAFDHWLRFIKMELTMNITTPSCDWPGATPYIIQQSFWCEKAWPSWAQSGTNGFVT,0,0.4063,7.2563,NEGATIVE_CONTROL,Cas9,6.422508
DVDSAFPNQRGDWRDWWWADWMICFAWSLRNFGKPQPKQINASDNQFVLPPCHEPKQAAALPKRYPPLTNLMMEYFDTTDVPMSLDQLSTEHCIENDKVTRYLCFDQMAITMRFCL,1,0.9949,7.3175,NEGATIVE_CONTROL,Cas9,6.422508
HVMATHLWNDSSAACFAQNWNGPKKSPIKMVFHKKINATEQPYAKFQDDMVHDVWNLEKTIYDGFTEMEEAYKKTLHQCCTDVSPKWSQLRVCEGVCNYLVIPLAIDSALIICDSW,1,0.9239,7.4044,NEGATIVE_CONTROL,Cas9,6.422508
SEEEKKEILYFIMEKLFDLDFNFKWPRNSPEEYTKAIEEFKAEVAKIVLETKEKFPEISPEELVELLEEAVYRVHRITHHWASYYVAREVIYELKKLKEKGWKAIEEYTESIISKV,1,0.9996,7.5295,TEMPLATE,Cas9,6.422508
MAHLKKLLGGFGEELLMNCGFLRKGKKKSLEMRSVCIVPLKMEVAPSSTGNSEFFAEAICQEMVIASNKAVYMPDMQTHIWMEEMMKLLSFMMLNSGKMMMAMKMDTELVSEEGKM,0,0.072,7.501,mask-rate:0.78; positions:0-116,Cas9,6.422508
SEEEKAEILYFRMEKLFDLDFNFKWPRNSPEEIRKHIEEFKAEVAKIVLETKEKFPEISPMELVELLEEAVYRVHRITHHWFSYYVQREVIYELKKLKEKLWKAKEEYYKSIISKM,1,0.9994,7.5106,mask-rate:0.15; positions:0-116,Cas9,6.422508
SMPEKAEILYFTMEDLFDKAFIVRLARKVPSEYQDAQPEVKMEVAKIVLHTVEEIPEPVLEESEEEKKFAVHMVSMIVHRWDSGYVDWTRIMMSKKHLEDMWKEEEEYKEQIRKDV,1,0.9996,7.5106,mask-rate:0.54; positions:0-116,Cas9,6.422508
AKIVLETKEKFYEISPEELVELLEEAVYRVHMITHHWASYYVARE,1,0.9984,7.5707,mask-rate:0.12; positions:44-89,Cas9,6.422508
TKVNFPELSSKALVEMENPAGYRVHRITHHRMLAYVAQM,1,0.9997,7.5171,mask-rate:0.44; positions:50-89,Cas9,6.422508
SMAEDKAKLHEISIEMMPLDKLEKDVENFEDELYIKLEEFAMEMYKKMTQTHPKNLMIYGEEPTVLLEKEVLMMHMKTMHDWIYMVKHEAAMELGIYECYMWPAMEENYEVEDKKM,1,0.5096,7.4221,mask-rate:0.75; positions:0-116,Cas9,6.422508
KMDVNSPNALLGLLGEEAMMVLTIAKPEPTCYMAGEPAEIDVM,1,0.9996,7.5064,mask-rate:0.76; positions:53-96,Cas9,6.422508
KMPDLDPPGYMKGPAALLANVQMMDLLTDMMMLVRSGRIESEMMQEVVYRASLI,1,0.9942,7.5243,mask-rate:0.70; positions:23-77,Cas9,6.422508
MEEIKAEILYFIGEKLFDLDFNFKWPRNSPEESTKAIEGPKAEVAEKYLETKEWFPEISREELVERLEEAVERVHRELHLWARYRVAREVIYEDKKLKMKGWKKYEEYSESIWSKV,1,0.9997,7.4502,mask-rate:0.23; positions:0-116,Cas9,6.422508
IMEESRMDHFGNECVVRYMMEITTCKEERGKEAALNVMMFNAGMMNLSSDLLMELSMMAPYM,1,0.7882,7.5203,mask-rate:0.58; positions:11-73,Cas9,6.422508
MAEEKKTILYFIMEELEDLDFNFKWPRNSPEEYTKAIEEFKAEMAKIVLETMEKFPMISPEELVELLEVAVYRVHMITHHWASYYVAREVIYELLKLKEKGWKAIEEYTESIISKV,0,0.0098,7.5017,mask-rate:0.11; positions:0-116,Cas9,6.422508
MTFEDSALQPIAMERMMNLRGSQEDRVDEPLMYLTFSEEETMDMGGEFLTTKEDFGMDTPMLKHGFRERSESWVHMRSHKQGLRMMLIKVDMMKEQQPSSMWSAMLEKTASILPKV,1,0.8826,7.4491,mask-rate:0.73; positions:0-116,Cas9,6.422508
SMAGDKEILLFIMESFFDLQEEFKFPRNLPEEETKAHEEFKAEVAKIVQETKKEFPEMPPEELPELLAYRVYRVHRITHHDASYSLAREVIMELKKLRELGWEAIADYRESISSFM,1,0.9997,7.5942,mask-rate:0.33; positions:0-116,Cas9,6.422508
FKAEVAKIVQETSEKFKMISPEFLVELLE,1,0.9998,7.5967,mask-rate:0.16; positions:39-68,Cas9,6.422508
EEYTKAIEEFKAEVAKIVLETKEKFPRISPEELVELLEEAVYRVMRITPHWASYYVMREVIYELKKLK,1,0.9972,7.5965,mask-rate:0.07; positions:30-98,Cas9,6.422508
LMTKNAFPELIPEELVESLEEAVYRVHRIIHHWASYYVARNVIYMLKKLK,1,0.9984,7.5503,mask-rate:0.33; positions:48-98,Cas9,6.422508
SEEKKKEISYFIMAKLFDLDFNFKWPRNSPEEYTKAIEEFKMEVAKIVLESKEKFPEISPPELVELLEEAVYRVRRITPHWASYYVAREVIYELKKPKEKGWKAIEEYTESIIYKM,1,0.9998,7.516,mask-rate:0.09; positions:0-116,Cas9,6.422508
SEEEKKEIQYFIEEKIFDLDFNFKWPRNSRPEYLKAIEEFKAEVAKIVKITKEKFPEISPEELVELLEEAVYRVHRITFHWISYYVAREEIYELKKEKEKGWKAIEEYTESIISKV,1,0.9997,7.5426,mask-rate:0.10; positions:0-116,Cas9,6.422508
KWPVKRPMDLIKAALEQAKMMALSVFTAKRRFMTISEEMLTEDMESAPQYVMACLGMMISLKM,1,0.9976,7.5378,mask-rate:0.81; positions:23-86,Cas9,6.422508
IWEFKAEVAKPVMSTNFKFPSNSPEELVEMLEEAVYRVHRITPMRASYYVARE,1,0.9997,7.492,mask-rate:0.17; positions:36-89,Cas9,6.422508
TFKYFIMMSYFVYCAILIMEYMFHSCYDKMISQPMWKKISQRLRGWAENWIRRFGQPSYDGMWSWTNVPVQKFTDTHRFRGGILVQIWWYTVIRDYMFKFYFGGSNHDCESPMWAF,1,0.5873,7.3688,NEGATIVE_CONTROL,Cas9,6.422508
HGKCSVYMMAAVCHTWFKHPFTAMSDVQTWCDRYMQALANEKQQQCLMETPNSQWDQYCFPAIFQYGVHFVPWVKCGFLRMQPWGTHFMEDKKRNTTSGNWILHRYAFTHHDFRGK,1,0.9837,7.4518,NEGATIVE_CONTROL,Cas9,6.422508
QLIAKTFEGESVHLEFYGIMCDRMQNILQVFPKFMYWPVNGPMPELGQSGERPTFTSNGYNMHPHLWDEYYLINGRDTQKMDYDLALGGEADCSDGGGWPIPDDNREKERQQVGPF,1,0.9997,7.3994,NEGATIVE_CONTROL,Cas9,6.422508
MRNNIFRAHTCFKTSDHLSTFIMDSAGMHCTYIDQNHGYCDKSFPMSDTNYITDLWGFVKWSTFKANIVQMYIIPGQEGLLCMKPIGYDSPYYMEHFRWWIGSTKQIADWWFHKDK,1,0.9737,7.4738,NEGATIVE_CONTROL,Cas9,6.422508
MTKVEEAKELVDKIMEAAKAKDLEKVNKLRTEFFELVNSLSLEEAEEVRKYADKKGEEWYKEQL,1,0.9996,7.0984,TEMPLATE,IL-7Ralpha,10.086186
NKLRTEFFELVNSLSLEEAEEVRKYADKKGEEWYK,1,0.9977,6.2319,mask-rate:0.08; positions:26-61,IL-7Ralpha,10.086186
LENMNAPTLEAFEDNNMHSLVEAAMYSM,1,0.9981,6.4163,mask-rate:0.61; positions:22-50,IL-7Ralpha,10.086186
MTKVEEAKELVDKIMEASKAMDLEKVNKLRTEFFRLVNSLSLEMAEEVRKYADAKGEEWYAEQL,1,0.997,6.3591,mask-rate:0.10; positions:0-64,IL-7Ralpha,10.086186
MEVVKAYVDATGMAAREKDLEKVTKLRMPFFEGVRCLSGMEAAMMRLYAKK,1,0.9881,6.2411,mask-rate:0.46; positions:3-54,IL-7Ralpha,10.086186
MTKVEEAKEEIDKIMEASKAKDLETVQSLRTEFFELVRSLSLEMAEESKKYADKKGEEWYKEVL,1,0.999,6.2537,mask-rate:0.24; positions:0-64,IL-7Ralpha,10.086186
MELDNKPDTEFFELVNSLSLEE,1,0.9993,6.3657,mask-rate:0.24; positions:22-44,IL-7Ralpha,10.086186
MNKTQSAMMLVTGIMTAATAMMTCKIIITETMFFELPKGMSHNETLEVVKAADKKGEMFYKLDM,1,0.9906,6.4917,mask-rate:0.52; positions:0-64,IL-7Ralpha,10.086186
DLEKVNKERKEFFENVLSLSLKEAE,1,0.9963,5.9099,mask-rate:0.25; positions:21-46,IL-7Ralpha,10.086186
MAPRKIQKAMKEDDIMMPNKCYPEFESSVDSLMSGENGEM,1,0.9917,6.2376,mask-rate:0.77; positions:8-48,IL-7Ralpha,10.086186
EAAKAKVLEKVNKLRTEFFELVNSLLLEEAERVRKYAVKKG,1,0.9956,5.8682,mask-rate:0.13; positions:15-56,IL-7Ralpha,10.086186
MMMMLASAASLEGVSMLRTEFKELVWS,1,0.9971,6.8523,mask-rate:0.46; positions:12-39,IL-7Ralpha,10.086186
MTKVECAKEQVDKIMEAAKAKDLEKVNKLRREFLELNNSLSLEEAEEVRKYADKKGEEFYKAQL,1,0.9994,6.2605,mask-rate:0.14; positions:0-64,IL-7Ralpha,10.086186
MTAVEIAKELVDDISEVAILKDTEMVNKLRTEFFELVNSLSLEEIEEERKYADKKGEMWYKESL,1,0.9921,6.0038,mask-rate:0.20; positions:0-64,IL-7Ralpha,10.086186
RTNLFELVESLSMENAEEVRKYSD,1,0.9991,6.3676,mask-rate:0.20; positions:29-53,IL-7Ralpha,10.086186
VDWHMMAAEAKDGEKVNKLRTFSFELVNSLSLMEASEVRKYAVMMGSEW,1,0.9981,6.4535,mask-rate:0.27; positions:10-59,IL-7Ralpha,10.086186
LMLAIMHAACLADLEKM,1,0.9988,6.6212,mask-rate:0.37; positions:9-26,IL-7Ralpha,10.086186
MMNSGRIQEFEMLNTLFAEEMQM,1,0.999,6.4137,mask-rate:0.74; positions:24-47,IL-7Ralpha,10.086186
FFTTENMMSLRGAEEVRLAMRKKGTEEGKEQ,1,0.9976,6.3618,mask-rate:0.41; positions:32-63,IL-7Ralpha,10.086186
EMNIEQNVKILQAAKEKNWATVNINMTEGQPMVKSASEEKAEEVRKEVKKSGHEQY,1,0.9994,5.7183,mask-rate:0.56; positions:4-60,IL-7Ralpha,10.086186
MTKVEEAKELVDKIMKMAKAKDLEKVNKLRTEFFELVNSLSLEEAEEVRKYADKKGEEWYKEFL,1,0.9996,7.0257,mask-rate:0.06; positions:0-64,IL-7Ralpha,10.086186
AVWEGQRCFDKCWYFYLFEVDDREPWCIDFMKLPTPPPHQCNRVQDRTFFCGWNHKNVNKKIEL,1,0.9979,6.9965,NEGATIVE_CONTROL,IL-7Ralpha,10.086186
GKKSMHTLDCIDYHTDCVIQFKSLDPSLIMNPCGMETHKKIHTTQGGCRLRFYEWEGIEVFVQW,1,0.9987,6.3695,NEGATIVE_CONTROL,IL-7Ralpha,10.086186
TWMFATSDFCRAWQFEACRKTFHSLGRRRVMSCCWQPWNRSWTLCCTWCGANLGMSAHVGCRDG,1,0.9995,7.0065,NEGATIVE_CONTROL,IL-7Ralpha,10.086186
RGNTCDNQCQTINPKKCTRCQITKSLVEDTKWTIQCNCVHSFIYDTDTHQKFCEPDFFHFMSWD,1,0.999,6.8647,NEGATIVE_CONTROL,IL-7Ralpha,10.086186
CWAGEAMMRATYATIGLRWGVNTVGYWRHSSFDCPNSQYVGNKYDVELSDRFYMACFDIMYNEW,1,0.9985,6.7978,NEGATIVE_CONTROL,IL-7Ralpha,10.086186
SWRWFQTVCQYIQRMMLMTTNPKSAWSQGDACCMMFKSYFNIAQQVEFVFLDHAIGCGGCMDAI,1,0.9986,6.3618,NEGATIVE_CONTROL,IL-7Ralpha,10.086186
VCYIHGFHEMATTFNVGGTLTRQLLQMERQQSFGKLEYAAHFDPTYHSIHLWPQQKNVFISCFD,1,0.9973,6.1092,NEGATIVE_CONTROL,IL-7Ralpha,10.086186
MITVKILESVPMGWNGIGAMQAIQSAYCYPQIFGWSSWKYWSVSFLDMLNSPTPNHMYTVFIWG,1,0.9449,7.0441,NEGATIVE_CONTROL,IL-7Ralpha,10.086186
HLEMRKDGVSEIIYTVEDCCSECYMASRLEFCAAKHTEKSSMRRPSVGWHGLFAFAGESRRYKD,1,0.9981,6.6604,NEGATIVE_CONTROL,IL-7Ralpha,10.086186
TSRVLICVTTGEMCAALGYRLLWHIVELEQVDVAIHWWHVCSVRTQETSNIWGGGKAVYTIYAW,1,0.9991,7.8238,NEGATIVE_CONTROL,IL-7Ralpha,10.086186
TRMHQTMLPKVFEYSCFNFSNENPNTQPPIRDWPMDTSEDAPRCDLAEHSRDCCDVWTNIRGLV,1,0.9979,6.7858,NEGATIVE_CONTROL,IL-7Ralpha,10.086186
RTSNGPVIKACAYPHVFCLDGKGECFNGDIKYTAWDMQMDRWCRQSPQCNKHGYCHPNSMQFFN,1,0.9978,6.8457,NEGATIVE_CONTROL,IL-7Ralpha,10.086186
NKNKWVDHALNKVFGMYFFMECMELICLHYQVTLTVYANNHNDCTENWFPIFGYTRNLMMIHIH,1,0.9986,7.2585,NEGATIVE_CONTROL,IL-7Ralpha,10.086186
FEEIHMAPFDTQNDSISYQWSCFQNTGEICHSPSACWNFKGNHVVKRMEQHPLLRRQNEPYGHS,1,0.9986,6.9823,NEGATIVE_CONTROL,IL-7Ralpha,10.086186
PFVKIWPWMWLSTVGPKGNPQHVMQNSEGKKKRNQRGMRSHGHARTWCSECNTYAHIHQNKLWT,1,0.9969,7.0691,NEGATIVE_CONTROL,IL-7Ralpha,10.086186
QPMKMRMMDKCPQTVWQQYYACATIQWYEPIIEECCYEQVHWRAILAWVAYWPLLYWHYQEWEY,0,0.0134,7.2552,NEGATIVE_CONTROL,IL-7Ralpha,10.086186
CSKETGEPFSTWYMDVSPGWWHLFYYIDNKASPTNATNTQMCTYWKKCHLVGIWRFASMQHQFC,1,0.9969,7.1834,NEGATIVE_CONTROL,IL-7Ralpha,10.086186
VAKLRAVSTAEGAIEMGWVFEDKPQYSKVEMIIWIWCAGNECVWDWAYQYKKLVRICIMEVYEA,1,0.9993,6.8348,NEGATIVE_CONTROL,IL-7Ralpha,10.086186
QKWNHVAKVFHISYFPAMCKFEILDDMLIPHWTQEGMMPRKVLYRNDDNNWKAPCRKWYWHHID,1,0.9982,6.9053,NEGATIVE_CONTROL,IL-7Ralpha,10.086186
QRTTYKASWYCTMVLGFCDASGIYRVIMDLRCLYQPMTAFTWFKVMHLIDPDYGTEMWCNGGSC,1,0.9992,7.0967,NEGATIVE_CONTROL,IL-7Ralpha,10.086186
SQVQLVESGGGSVQAGGSLRLSCVASGDIKYISYLGWFRQAPGKEREGVAALYTSTGRTYYADSVKGRFTVSLDNAKNTVYLQMNSLKPEDTALYYCAAAEWGSQSPLTQWFYRYWGQGTQVTVSA,1,0.997,7.3749,TEMPLATE,MBP,7.617983
MMARYGASCESFVHLQPSSFAQLDAMFLAKWIMVEKVTRERISMAFERRKYMIELQMIEYFFKPNYKSGMHFRNMMVNSMVMMMKRKLHFFCIYKMNGNAMMMCRKFPVQKNWRYGFLATQAAPAM,0,0.0008,7.373,mask-rate:0.89; positions:0-126,MBP,7.617983
MMLARLSSSVLSVFLAPALISLLVLSMQDQFMSYQRQGKLAVVMMAILVSNMIGVFMSTVLEPSVGPENMSPLRMMQKGLATMMCQHMSQMTLPDMNYMAMMMGSAQFPHMFSNMGDIGSQGAQSM,1,0.9962,7.3409,mask-rate:0.89; positions:0-126,MBP,7.617983
MDRKRVASSGWFSRLVTKPEEGAELESTSTLMTVMAIRIIGVQTMSMMNFPSGMYLMVNSLKPHSHMLSYIAGASWGM,1,0.8645,7.6055,mask-rate:0.57; positions:26-104,MBP,7.617983
MLVQLVEEGGGSVQAGGSLRLSCVASGDIKYISYLGWFRQAPGKEREGVAALYNSTRRTYYADSVKGRFTVSLDNAKNPVYLQMNSLKPEDLALPYCAAAEWGSQEPTTQWFYRMWGQGTQVTVSA,1,0.9983,7.4909,mask-rate:0.08; positions:0-126,MBP,7.617983
KYISYLGWFRQAPGKEREGVAALYTSTGRTYYADSVKGRFTVSLDRAKNTVYL,1,0.9734,7.2651,mask-rate:0.05; positions:29-82,MBP,7.617983
MRMMPGAKSGTGMAKMMSHGQLYSADSVGLGFMRSMNASVITVMLQDMFLKGEDLYMYM,1,0.9995,6.7841,mask-rate:0.66; positions:37-96,MBP,7.617983
MQVQLVESRGASAFPGQSLRLSTRPSGDTIYISDLGWGRQMPGKEYEQKAALYTSTRRTYPADEVKGRFTVTLDTMKATLYRQMNSLKPEDTALYYCPAAEWGSQSPLLAYFYRYTLRGTQVTVSM,1,0.996,6.9679,mask-rate:0.32; positions:0-126,MBP,7.617983
MMAEVQEPGKMRAGFAATLVQRMMTNYPDSRKMRGMTVIKAAKNIVPLLMNAASPVMTSLKACAPA,0,0.4399,6.9271,mask-rate:0.63; positions:34-100,MBP,7.617983
TYGEDPVKMRFTVSKFSKKQTMELQINSDKDEDWMEYVVAMAEWMGQSSSTQ,1,0.997,7.1169,mask-rate:0.72; positions:58-110,MBP,7.617983
MRVTDQSSALQLQNHWRHGTEPKKAMMCIFEMSSLLLDAEQLGMMHLAVLPMFLVFMMTGQSRSRSLAEMDVDTPMCPTPNCMMPSCFKYTTKLMMSAELEMMPYYNDQRPVVSMSIEELLSSVDM,0,0.0358,7.3203,mask-rate:0.86; positions:0-126,MBP,7.617983
MAAGLVAYALAAIKANNAANPSGNFSMDMRYMMYAGKNIGLLTMMNIDRALMYPGLMMVFDVPPVLGDGMEHKLPMKGAEPKMMILGGPNDPTGYMYLMDEMGPNPTFDGATFIMASTDAAYMEAM,1,0.9504,6.3609,mask-rate:0.86; positions:0-126,MBP,7.617983
MDPKYISYLSWNRQAPKKSHMPVAAVYTSLGMTYYLYMSKVRFLSSLPTYKNTVYLQMNGMKEMDTPLYYDAAMFMRSAAPTTQW,1,0.7502,7.5481,mask-rate:0.41; positions:26-111,MBP,7.617983
SQVQLVEAGGGSAQALRSPRLSCTASGDIKYIRLLLWFRQAPGMESESSQAMYTRTGRTYCADSVKGYFTVNLDNAKNTGFLQMSLLKQQDTALYACAAAEMGSQLPLTTWFYRYSGQGTAVAESA,0,0.4983,7.267,mask-rate:0.28; positions:0-126,MBP,7.617983
YISGLGWFPQANGKEREGVAAIYTSTGRTYYADLTKGRFTVSLDNAKNTVYLQMNSLKPEDTALTYCAAAEWGSQSPLTNWFYRYWM,1,0.9978,7.5648,mask-rate:0.06; positions:30-117,MBP,7.617983
MMAQMILYDGWMMFKLAKESSDADALPESYGMTYYM,1,0.9957,6.944,mask-rate:0.74; positions:26-62,MBP,7.617983
WFEYAVEKERMMVTQYYGRTDRTMYAGSTKGMGEM,1,0.9991,6.9589,mask-rate:0.57; positions:36-71,MBP,7.617983
MLVIFVAMEDGKAQGRASCGQEKVFTMYICLMSGSFWLAQTQCKEAVQEEIMEVSLMMAKEEDNKKKKFPRDGLNAVLTVYDMMQKDLPCDSASSMLHEAEMMAYFTSLTPFTVMTRQGKSMEAIM,0,0.002,7.3315,mask-rate:0.77; positions:0-126,MBP,7.617983
MQVQLAESGGGSVGAGGSLRLSCVASFFPPYIMRLGWFSGAPGKEREGVAALYTSTGEPSYADSVKGRFTVALDNAKNTVLVQMDSGKGEDTQLSYCSAAEMGLQSPETQSFYSYWGQGTLVAVSA,1,0.9672,7.1823,mask-rate:0.15; positions:0-126,MBP,7.617983
MMAVMKISRDQQLPTYTATWMAMMPGITSLRVMGNYMSGTFTYMAEAVMNRITVMMMVSSNWKYAMHMLLNSEATMVLM,1,0.9985,7.4025,mask-rate:0.86; positions:17-96,MBP,7.617983
MMSELASTVKSASLMMPRGLMEERMGLGMERMMEAYSYSSMHKMMLAMKVKSRFSKMLTMAKRNVSSAMAM,0,0.0019,7.6361,mask-rate:0.78; positions:15-86,MBP,7.617983
WMDIGYIFTYEPCNEQWTARTCLMTSSPSPKFPPLNRGECYSMTHIPFWVDCYRCHWICKQIRDYGMNRWRECPSMCCAQRQLLKRHCVMQELNVMTDRAVNFPYWETQNRFMHCDWRWKTEDHGL,1,0.8109,7.5914,NEGATIVE_CONTROL,MBP,7.617983
KIVFSHRTCKTQCIKDSWMEATCLIWNTWHVSPVWALCIQSYGACRMGCHYSASIGGAWGFPTVSSWPTLVAQQLTCYDFHAKGCLSKRLFIANGFLEKVHNMQVPWQIYAPMPTIGNQFQIRVWM,0,0.0075,8.6579,NEGATIVE_CONTROL,MBP,7.617983
MCKTVSKEPMRVQRHYDFGYFYKQWCQCSIYQLDYNHLEIGFIHFPMDKMTYWWVCTFRDYSCHAVESGEKNTYLEAYQAIQSEGFEGCVNFGEPWGRFKRWCCLYQGFGGLCESKQWHRHFCPHF,1,0.8663,8.2804,NEGATIVE_CONTROL,MBP,7.617983
NFHMYAQLKAWWRYSINSWRRIYEHQKNQIVWVRRWKLQHMPHTDMQSLERAVRKSWNNIEGTAKESKMTAMWPWCWMIHINNIESNKKTTNQYYWRLMYDHHCQLPNCMRMGKPAKLWKPWFYTC,1,0.9806,8.3612,NEGATIVE_CONTROL,MBP,7.617983
HGCKGPKSSLDMSDCIQEPMGRRAFSYHPMYAEVCMDWTTDLSAAFRWPFEECPVMSQPFNMHYENLFAHITIAFWNWNEPFRRKPSVYEGVSELCLNWRYMRPGTAQIDYLMIEIIEFIDTRGSD,1,0.9743,7.3691,NEGATIVE_CONTROL,MBP,7.617983
LQWQRGTRILMHHDFCDPWRNTNVRPYLIILYQLHLMENHILQHICPDYFDNQHKYCMVWSIFHFDQFVFHDQAFSRVQCPCPCVHRFYATLGMENSHPHHHWFFGIDDKTFGEGEYEMYYLSKGI,0,0.232,8.3868,NEGATIVE_CONTROL,MBP,7.617983
QGFKDIAAMTYQAERCRQFSPEQIPQHMPYWGLEMKPFVHPLMAACCCGIASIYKWCWFYAYWKLCENQFNHMITGQMSHNGSCIMSWNTRPAWRIERADINQEEWQLCRTAEDEGVPEGDFYDKG,1,0.9955,7.1831,NEGATIVE_CONTROL,MBP,7.617983
QMDPGLDIHSPMSVNKKMTCDFWLDCGVTAVPGIGCHAFPRIGHFVEMHVHSIWQLTHWLVKRKDCCDYPIHSKCTFHYPNMANWEFRDMAKQFWHAKIYDKKQCMRFMAKWWYIDVRCLTIGIRM,0,0.0157,7.7474,NEGATIVE_CONTROL,MBP,7.617983
SYAWFLFHIIHYPNKHDWCLDYYQMEGKRPACVMHHRCCRKIVAALYALVHQTMPMNIADMEYRNWMQKYEGGQIPHAHVCPMWNSWDCYGAPAYVHVHQASNEARLVGSQYLLSHPSTSSLGWKH,1,0.9973,7.6817,NEGATIVE_CONTROL,MBP,7.617983
WYWWMNLPPCAGLSKTPHCSVINSSHLRSWHRDWMEGDFWCMLGGVKDQVGNIFRMSPHSFSKPVHGKRPATTHWCCSNTNLSIWDKDSPPDHYNSQFNCYQEQILFGAACHFQDNWNTPQCGYIQ,0,0.0443,7.7347,NEGATIVE_CONTROL,MBP,7.617983
FSKMIPNGDTDPLLQPTVSQPEGPERPLQSPDVKKWGAVTNRPVSNEHIQDQKQISDLHASYFDAATGCPSATWENWGWQIAVHSWWNMVHPGNLAMRHREGPSARLWKKLNTRTCFRTWPNDGRI,0,0.2842,6.8819,NEGATIVE_CONTROL,MBP,7.617983
EFLEKAAMNVRSLPNTFDQPLGPFFRWEAYPDAWPKLAGFFEIPINMIIWHSRRTKSTRARFWRCVYDFGCENIRRQHNWCHPINNLSIQFLNMSMSWKTSAAFCQHPEVHHMNLTLEFSLDVYDP,0,0.0333,7.2101,NEGATIVE_CONTROL,MBP,7.617983
GLWDYVQSTISILLTDRIGWPVGIPEYIGDQLYIYHHMIFAAWNMLPNNHHEQNGQIGRIYGPRMGGKYQGQVEDDYYKKECWIRNDPACDRMSSAGGDCVTHNPVMSLFTDCSMQIQNQNDMNAG,1,0.9908,7.3616,NEGATIVE_CONTROL,MBP,7.617983
IFKHWQDHRNAWPDVYFQNRFPCVFYEGDWKELNHFYVRRPVSMLVFRKHKDIIALQASRHGNCCEQMATTEATLPQKIVGFDFGTDIWSVPFPFSVNLTQHFVFPWWSDVGHWTCYYNQALPYCH,1,0.9881,7.4671,NEGATIVE_CONTROL,MBP,7.617983
TCKHTWGYNTSDARGWAYKQPSWPESKRCYDNQPHLCECWEHWFRNAQPITTSEQMKIQDMSCQGSHHLNPHWCVVSQHHDQAWKCRTEIHEEHQGHHHPACWVVHWCRANKPHAMQFVCMHKYIW,1,0.7935,8.3305,NEGATIVE_CONTROL,MBP,7.617983
HNWWQQSTQSYPNPPMNVCTFIHFDVAFIDDCHSEGPYVKYCCVPVQTNAVSKRSAYYYTGGDWARINPIVMIWDSFYHWETHWYAPGKCHGNQECTLIMMCSCIWIWQNEQDEEKRLYRMGIWCY,1,0.9955,8.6707,NEGATIVE_CONTROL,MBP,7.617983
IYSYPDYKPHIIHFYDHHQHNYCMVYIDDDRPPCVFQWDCFRRYWCGIIEGDSLVEQQRWQAVHKLQSPHQGTEYQIETRKFYTLRQIAICGWQTPPVTRKLENKICTMTKVIEKITGADAHGGFF,1,0.9751,7.6961,NEGATIVE_CONTROL,MBP,7.617983
LTSWCDWFCDRKYMNQDWDSAWSHSHCHYFKRCFDAHGVSDGMGAPDLSCYSVTWDSRQMHYTNTCYWQLIMEQDRKPQKDQGSFNQTAMTQMFHHNWELEWWHMQLWCRIAMQQATQRVKMVFHI,0,0.0118,8.4275,NEGATIVE_CONTROL,MBP,7.617983
GYKCLLRERWMVIPTVLQGCQQVLCLKAPMVVHDRMEAHVMSMSDWFDHFGMFRMNANHSHHNQLFNLICKMAGMATEDVLDEKTSEISAIFFWVMHPNFYFWPDCLQADNWPWHGCEIDWCRQRQ,0,0.0572,7.5835,NEGATIVE_CONTROL,MBP,7.617983
KRFIGGYNQQQMFHSRAANALLIDWWTGAQRKYGLSGMSARCWNGHIKQMFDVIMVMYHYLGTVMNDLTIDTAFQGHITMAPIRTWCGRGSFAELCSKLQCAFTCCSVVWTTDHLPCVGWRYEWAW,1,0.9031,7.823,NEGATIVE_CONTROL,MBP,7.617983
SAEEKILANLEAMKAKALAAKTEEEKLFYAKALLAVAISYAIRGDYELARRAAELAVEVIKSLSKEEQKKVMDFLINIIKNITDPEDREKAIELAIAIAERLDEEVREEALKKIEELKKE,0,0.1986,9.1547,TEMPLATE,PD-L1,10.375718
SAESSAAENGEPMKALASAAMTEKEKDFSAKAMLTVAISYAIRGDYELDRRTAELAVEERELLNKREAKEVNDFDIMIIKNTTDEEEREKFKEEVMARYEMIDEEEREMATLSIEEKKPE,1,0.9987,7.7352,mask-rate:0.45; positions:0-120,PD-L1,10.375718
MKAIKGLMKLKQKKVMDFLINFIQNITDKSDMEKAIELA,1,0.9961,7.7447,mask-rate:0.42; positions:56-95,PD-L1,10.375718
ILAGLEAMKANALAFLTEEEKLFYLKALLADMISYAIRGDYELAMRAAKKAVEVIKSLSKEEQKKFMDFLINIIKMVTDPKDLETAIELAIAIAE,0,0.4356,9.2288,mask-rate:0.16; positions:5-100,PD-L1,10.375718
MLKRNYIKAGLAVAKLYILAGDAALARRAHEMEVEVIESGSKEMQKKVMYFLMMIIMNIRDPLDRSKAEERMIAIALRLDDEVRTEALDKAEKEKK,1,0.9982,9.0539,mask-rate:0.40; positions:23-119,PD-L1,10.375718
MAAGAKTHLLELAKASALAAMTPTSKIFSLVAMAAAASSQKIRGLYELELRAAELNMPVLKLTVKSKVKVVPDTNMVIIVNENAPEDREMKIEEYMMKARRIPEDVKPENVKKSLELPKE,0,0.0003,7.5119,mask-rate:0.61; positions:0-120,PD-L1,10.375718
MSTAIRMDRELARRLGELAVEVSKSLEKEM,1,0.8964,8.4627,mask-rate:0.27; positions:37-67,PD-L1,10.375718
SAEKKIHMLLEAMKAKAFAAKTEEELLLYAKALLAVAISYAIRMDYELAREAEELAVEVPRLLSKLEQKKVMDFLINIIKNIPDPIARLDAIELAIMIAERLEEEVREEALKKIEELKKE,1,0.94,9.1199,mask-rate:0.18; positions:0-120,PD-L1,10.375718
MAAEVEVEVKKMLSKEELKKVELFLINTIKNITDQEEREKGIELAIAIAEHRDEEDREVALAKIEEM,0,0.3265,8.6425,mask-rate:0.34; positions:50-117,PD-L1,10.375718
MSAEKIKANLDKMKAKALAMMFFEESLFYRKAMLALAISLAPEMDYNLARNAGELAMQDLKSQMKAGRTGVMDLLMNIIKNHQDPDDLLKAEELAMAGAEMAKEEVLEEMLKPIEELKWE,1,0.8726,8.9539,mask-rate:0.41; positions:0-120,PD-L1,10.375718
LMNMKSLLLLWYMMLVQLQMMDEFLMTTVSEMMTGEQELARRIM,1,0.9841,8.33,mask-rate:0.69; positions:9-53,PD-L1,10.375718
YAQELVYEMMRRAVLLHEEVMKYLEGNMQKTMMEANDKLAMNIMDPQDSEHM,1,0.9957,8.8363,mask-rate:0.75; positions:39-91,PD-L1,10.375718
AVEKIKSLSKEEQKKVMDFLINIIKNITDPEDREKAIALAIAIMERLDEEVREEAM,1,0.8618,8.516,mask-rate:0.15; positions:55-111,PD-L1,10.375718
MMFAKKAEIGATVPASAIIMMSHMAMAMYKAAAYMGLIESHPCGMMALVDMAARLGMMEGMPWMMMDQAAVPMIRMNIPKKGPYPSEVMMDILVRMMMVLMMALQKVSMGHLLISVLALM,0,0.281,8.0165,mask-rate:0.85; positions:0-120,PD-L1,10.375718
MLARRAAALAVATEKREEKEGQKNVMDFLINIIKNNTDPEDREKMIELM,0,0.1911,7.8685,mask-rate:0.26; positions:46-95,PD-L1,10.375718
MMVPTITENLKALSLFARSKMSEKLANDYAEMKLTCLRKYAQQMKDKERSRVCKSAMEVSMLGSMADQHWVDTTLMMMAKSLTEPRAVMMLIRSTMMKKETLRKHSVTMELLTEELLKKM,1,0.77,8.5717,mask-rate:0.79; positions:0-120,PD-L1,10.375718
SAEVKILANLEAMAAKALKAEIEEEKLFYAKMVLAVAISYAIRMKMELAAAEASAPVEVHKVKYKEEQENYMDFLINMDKNIKKPADRKKVIELIIAIAERLDEEVREMALKKIANAVKM,0,0.0001,8.9164,mask-rate:0.31; positions:0-120,PD-L1,10.375718
ISYAIRGDYELARRAAALAVPVIKSFSKEEQKKVMDFIINIIKNITDPEDREKAI,1,0.9972,8.4974,mask-rate:0.04; positions:37-92,PD-L1,10.375718
DMAASGRAAERIVMVIAFLWAFESFPMDDKTMNLSPSM,1,0.9962,8.1885,mask-rate:0.68; positions:44-82,PD-L1,10.375718
MAECSRSMKPEPELMWYVEAMTENSITRVAQAMAMLRLSGSSCMKYETTILQPLLAMASRFLLMMELSSPVWLFFMMMARNSTFVSGQEKFNEYGMMAGLMLTNYMCLEALPEDVMGGAM,1,0.9046,7.8173,mask-rate:0.78; positions:0-120,PD-L1,10.375718
SAEKKLLALLEQKKAKALAAKTEEEALFYNAALLAVAIPYAIRGDYELARRWAELYVEDIKNLSKEAQKKVMDFLINIIKEIWDPEDRMMARELAMAIHERLDHRVRTEAGKKIEEAKKM,1,0.9432,8.684,mask-rate:0.29; positions:0-120,PD-L1,10.375718
SIEFKERAWMWAWHPWSHMDEAIQWQLCGYQTGRFLKGWDVQNICRHYHWISWFCPPVGNCSNKRYMKVKGLYSVEKFPSPEHRWMLLNCCMQANEGFESFTWNIRDAFYQTNIHDFLKF,1,0.9974,7.9817,NEGATIVE_CONTROL,PD-L1,10.375718
HDVHIEQNGPPGKGPTRKTTIPDGGDDVKTMVQMATCQPSCMPPNKHAWYHMEEAFAHYLYNMITWCLLGCPEPHNYYRKIAYNDAQQHHRQALQEVCMGGQSRSAPPVEHEWPKPMTHD,1,0.9993,8.7172,NEGATIVE_CONTROL,PD-L1,10.375718
RARFCEQLCAFNPQPNLGCKGMVPSTDTLHPYYMMYITIKAKADSLYMADLGIEVQQFCMKPYQIYGKVHRYVQNLYMPSLTCCGYECDGVPVDKEFYRTAQEDCRMIWPPAQWNLMYLA,1,0.9967,8.2305,NEGATIVE_CONTROL,PD-L1,10.375718
CTFSFARGFAWTPWMIKPDDCPTQRVIKNMWSKWNWNALGMQMGILMSQSRHMHKCLMTDDQREQECPMTRSWQLHMGHNWSGVEVCSTWDDTPSGHSDKQSSQHSISQSMGPEICLHAV,1,0.9367,7.7618,NEGATIVE_CONTROL,PD-L1,10.375718
FVNWHEWYTNSKNFGQWTAHINGMQEGHQKTIHMFHDDYGIPEKWPVQAYDCDTRGWDFGSYMFESMWCTEQRNHVPGNHAGIVLNHFQRIMQCLPHTFGDVVVYYCWFSKRKWKQGMQS,1,0.9821,8.1304,NEGATIVE_CONTROL,PD-L1,10.375718
SKAIDDYCYHAPNIPKCCDNFQPEVCAQNWIGIDVVSHMYELRWCTVYEQPAEGAQCFIAQIRRYFSFCTEYCAPEWIFHEPYFKIVYFNTSMNESAVTAIDNSLEPFVACFVVQRGVEW,1,0.9978,8.3092,NEGATIVE_CONTROL,PD-L1,10.375718
PYHQSECWPYKISVCPARYRCAHKVKKSNCIGIWITKNLHQKQWQWSMIVPERLYMDYCFPGDQRPDQLGPHATNAERWNVITGQMVCGGTLYNTGGWSWFSVKQAMIAEAFHLAWGINQ,1,0.962,7.906,NEGATIVE_CONTROL,PD-L1,10.375718
RGCVQQNHGKCVLNGWTWVTKLQRLNLNSRRLITDKECVQRGMPYLHQPAGSWIQGPLSRKLGATVNMMKRAVRTVDWFNMSAPKAFCRSQGIEAEPRLWKYDKCSYEDTNSWDAFGKIQ,1,0.9988,7.9425,NEGATIVE_CONTROL,PD-L1,10.375718
RCWLKAHPMTVNQELHTAVQVIKNWGRPHKFCIGKTHSFIKPHYSKTKPSRKGCHCWCYLWTPIDIKTENAQYQPYWLKRRLWHILHERAVDLVERKCMTHGNQKWQASHSGCWPVQIGW,1,0.9969,8.0394,NEGATIVE_CONTROL,PD-L1,10.375718
CCMKGKWYDRAACLWDHPIQGLTFSPYVRGYSDVMSHNQQERMPHMNFIYHRHFWIMTARGIDYVFAKQPKHARSHPLLQCYKTVYTFFYEWNILNVIAMAFAEIKNYEHYMYWNHCTDS,1,0.9986,8.329,NEGATIVE_CONTROL,PD-L1,10.375718
MRLSCKWRHAVPYAYMEEGKIFRCAIFSLGTVAWTYMSRWKMNPYHVKYYDRCQIGAEHAQWLHQNNCYMRHMTFAQPVMSEHHCPYYIVRTRFSHHQVFQRCHNCIYILSPHYKRPSQE,0,0.0132,7.6891,NEGATIVE_CONTROL,PD-L1,10.375718
LIHYAKLYESMSEVQHKMVNYDIFWHEGDHLTAQFGPHEHHREQIITWYSGMPTCEDRTATIIAQVVQKMVYFSSTTFVGYSRRKFHVEDSKTLSHKPWYQMGMFYGSTNDHHEKPPVKA,1,0.9939,8.2549,NEGATIVE_CONTROL,PD-L1,10.375718
GVLILQLSCHFLWETCKLHMEVTWLVPSRDTRFMDQYEDPCTHPVHRGECWCDVSCNEVFEDCQWGIRLHQHYCYWRRHCYAKEHKGPANVMYYWMSIIKCFVFAEDDWLFMWILLINIE,1,0.9967,8.76,NEGATIVE_CONTROL,PD-L1,10.375718
YDWNSVNQPPLHNMSPHWCKITMNITAFETNMYYGMAVEKNSMIFTGVDPEFHVPRIQIWDMRVTYQVYDDTTWPFGHAQLQEIEKRWYHCWSEGTQNYIYRLADQAFSCRQDTWWVIWC,1,0.9974,7.9745,NEGATIVE_CONTROL,PD-L1,10.375718
PIPGDVKDHISDEKAHMMEISSQQMPVPIVYDQPQAMKQSGGIHVVVDFYGETWQRGEYMPDIVTKTTCRSIKDWLARNQRRAKAHKAMHGYYVISVTPWNCHYYHWRSQQFMNMNKMPV,1,0.8171,7.9162,NEGATIVE_CONTROL,PD-L1,10.375718
WFMVICKQMPRCLELFMIYHVQVVMDKKMSKKAMDKPTSWCHHVQAHDVIIVMTAKDGKGNRKWAASCEVTERSLHWWAVASIPPIQAHCNRYHINVRVDANKCALIFRELFKLVYEHKV,1,0.9476,7.8716,NEGATIVE_CONTROL,PD-L1,10.375718
VPKNQRATQRFEEPNAKKGGDTQFWYETGIVGQLWVVGETVFKHSKLWDLDGWKYYISVHFAMSHNCCHTFFTGHHHALKMWQNFDTENLVVETVDARYDWTNRIFNFRYHREPPEMKSF,1,0.9487,7.5972,NEGATIVE_CONTROL,PD-L1,10.375718
TSTNAEPPQKTATYNCPGINTGIQKNTTLFYCQWNLYDRFVTCYAAQLHSQLPWMGNRHHSNFQPKHHVDCPKMYDSHTNKFSSPEKKWRLLFCEKKQNVQQEARSTVNISYMNGAPVIC,1,0.9952,7.6555,NEGATIVE_CONTROL,PD-L1,10.375718
FANDNNVNCYHIPPTNNRCMRLKPAWVDRLVIIKSGLVVWVNLIGQGALWQGKPRNKLVKPNIQEPFRIAVKAERWECLMKQLGCWQSVTCLDDNPCDPYLHSHFFSDSQNFEWTLLDLM,1,0.9941,7.4285,NEGATIVE_CONTROL,PD-L1,10.375718
RAGHKIMQFKRAMTCYDGKAMSPFFHQWYTLWIRFQERNTEHIFSLMSLWTNMKGQVPQCTRCRAGPCPRPCPHPACASYHCSWFSFNWKLHHQNLQMMCNNAKRHFFSRQWVCNWWYLG,0,0.0078,7.9866,NEGATIVE_CONTROL,PD-L1,10.375718
