name,replicate,expression,binding,kd,kon,koff,sequence,binding_strength,confidence
dsm_pdl1_7,2,high,TRUE,7.86E-09,66375.3129,0.000521759,SSNEKILENLEAMKAKALAAKTEEEKLFYAKALLAVAISYSIRGEYVLARRAAELAVEVIKSASKEEQKKVMDFLINIIKNITDKEDREKAIELAEAIAERGDEEVKEEALKKIEELKSE,strong,high
dsm_pdl1_7,1,high,TRUE,8.26E-09,62212.61183,0.000513967,SSNEKILENLEAMKAKALAAKTEEEKLFYAKALLAVAISYSIRGEYVLARRAAELAVEVIKSASKEEQKKVMDFLINIIKNITDKEDREKAIELAEAIAERGDEEVKEEALKKIEELKSE,strong,high
dsm_pdl1_6,1,high,TRUE,1.39E-08,169178.5098,0.002349332,SAEEKALANLEAMKAKALAAKNEEEKLFYARAYFAVATSYAIRGDYELARRSAELAVEVIKSLSKEEQKKVVDFLINIIKNIEDPMDREKAIEVAIAIAPRLDEKVREEALKKIEELKKE,strong,high
dsm_pdl1_6,2,high,TRUE,1.58E-08,119142.9023,0.001882732,SAEEKALANLEAMKAKALAAKNEEEKLFYARAYFAVATSYAIRGDYELARRSAELAVEVIKSLSKEEQKKVVDFLINIIKNIEDPMDREKAIEVAIAIAPRLDEKVREEALKKIEELKKE,strong,high
dsm_pdl1_2,2,high,TRUE,2.80E-08,204098.7334,0.005717806,SEEEKILANLEAMKAKAEAAKTEEEKLFYAKALLAVAISYAIRGKYELARSAAELAVEVAKSLSKEEQKKVMDFLINIIKNITDPEDREKAIELAIAIAERLSEEVREEALKKIEELKKE,strong,high
dsm_pdl1_2,1,high,TRUE,3.66E-08,135786.0359,0.004975962,SEEEKILANLEAMKAKAEAAKTEEEKLFYAKALLAVAISYAIRGKYELARSAAELAVEVAKSLSKEEQKKVMDFLINIIKNITDPEDREKAIELAIAIAERLSEEVREEALKKIEELKKE,strong,high
dsm_pdl1_16,1,high,TRUE,9.06E-08,106906.2637,0.009690638,SAEEKILANLKAMKAKALAAKTEEEKLFYAKALHAVAISYAIKGDYELALEAAELAVEVAKSLSKEKQQKVMDFLINIIKNITDPEDREKAIELAIAIAERLDEEVREEALKKIEELRKE,medium,high
dsm_pdl1_16,2,high,TRUE,9.51E-08,96025.01816,0.009135693,SAEEKILANLKAMKAKALAAKTEEEKLFYAKALHAVAISYAIKGDYELALEAAELAVEVAKSLSKEKQQKVMDFLINIIKNITDPEDREKAIELAIAIAERLDEEVREEALKKIEELRKE,medium,high
dsm_pdl1_4,1,high,TRUE,1.41E-07,70839.39319,0.009967305,SAEEKILANLEAMLAKAEAAKTEEEKLFYAKALLAVAISYEIRGIYDLGRRAAKLAVSVIKELSKEEQKKVMDFLINYIKNITDPEDREKAIELAIAIAERLPEEVREEALKKIEELKKE,medium,high
dsm_pdl1_8,2,high,TRUE,1.65E-07,59944.31545,0.009917987,SAEEKIIANLEAMKAMALAAKSEEEKLFYAKALLAVAISYYIREDYELARRAAELAVEVIKSLSKEEAKKVFAFLINIIKNITIKEDREKALELAIALAERLPEEEREWALKKLEQLKKE,medium,high
dsm_pdl1_8,1,high,TRUE,1.73E-07,55654.59237,0.009631563,SAEEKIIANLEAMKAMALAAKSEEEKLFYAKALLAVAISYYIREDYELARRAAELAVEVIKSLSKEEAKKVFAFLINIIKNITIKEDREKALELAIALAERLPEEEREWALKKLEQLKKE,medium,high
dsm_pdl1_4,2,high,TRUE,1.82E-07,59999.32384,0.010894363,SAEEKILANLEAMLAKAEAAKTEEEKLFYAKALLAVAISYEIRGIYDLGRRAAKLAVSVIKELSKEEQKKVMDFLINYIKNITDPEDREKAIELAIAIAERLPEEVREEALKKIEELKKE,medium,high
dsm_pdl1_11,2,high,TRUE,2.10E-07,37351.77999,0.007834791,SAEEKILANLEAMKAKALAAKTEEEKLFYAKALLAVAISAAIRGKSELAHRAAELAVEVAKSLSKEEQKKVMDFLIWIIKNITDPEDREKALELALAIAEKLPEEVREEALKKIEELKKE,medium,high
dsm_pdl1_11,1,high,TRUE,2.14E-07,33006.24139,0.007073329,SAEEKILANLEAMKAKALAAKTEEEKLFYAKALLAVAISAAIRGKSELAHRAAELAVEVAKSLSKEEQKKVMDFLIWIIKNITDPEDREKALELALAIAEKLPEEVREEALKKIEELKKE,medium,high
dsm_pdl1_19,2,high,TRUE,3.09E-07,48554.26544,0.015017899,SAEEKILANLEAMKAKALAAKTEEEKLFYAKALLAVAISYAIRGKYELARRAAELAVEVAKSLSKEEQKKYMDFLINSIKYITDPEDREKAIELLKAIAERLDEEVREEVLKKIEELKKE,medium,high
dsm_pdl1_19,1,high,TRUE,3.23E-07,43334.05943,0.01399915,SAEEKILANLEAMKAKALAAKTEEEKLFYAKALLAVAISYAIRGKYELARRAAELAVEVAKSLSKEEQKKYMDFLINSIKYITDPEDREKAIELLKAIAERLDEEVREEVLKKIEELKKE,medium,high
dsm_pdl1_17,2,high,TRUE,5.25E-07,190368.6478,0.1,SAEEKIDAILEAMKSKALAAKTEEEKLFYLKALLAVAISYSIRGRYSLARRAAELAVSVIKSLSKEEQKKVMPFLINIIKNITDPEDREKAIELAEAIAKRLDEEVREEALKKIEELKKE,medium,high
dsm_pdl1_5,2,high,TRUE,5.58E-07,8831.785752,0.004926831,SAEEKILANLEAMKAKALEAKTEEEKLFYAKALLAVAISYAIIGDYSLARRAAELAVEVAKSLSKEEQKKVMDFLINIIKFITDPEDREKAIELAIAIAERLDEEVREEALKKIESLKKE,medium,low
dsm_pdl1_17,1,high,TRUE,5.82E-07,209579.9425,0.121881661,SAEEKIDAILEAMKSKALAAKTEEEKLFYLKALLAVAISYSIRGRYSLARRAAELAVSVIKSLSKEEQKKVMPFLINIIKNITDPEDREKAIELAEAIAKRLDEEVREEALKKIEELKKE,medium,high
dsm_pdl1_12,1,high,TRUE,7.11E-07,62161.80755,0.044171697,SAEEKILANLENMKAKALAAKTSEEKLFYAKALLAVMISYAIRGDYELARQAAELSVEVIKSLSKEEQKEVMDFLINEIKNITIPEDREKAIELAIAIYERLDEEVREEALKEIEELKKK,medium,low
dsm_pdl1_12,2,high,TRUE,7.76E-07,43503.78751,0.033766509,SAEEKILANLENMKAKALAAKTSEEKLFYAKALLAVMISYAIRGDYELARQAAELSVEVIKSLSKEEQKEVMDFLINEIKNITIPEDREKAIELAIAIYERLDEEVREEALKEIEELKKK,medium,low
dsm_pdl1_13,1,high,TRUE,7.78E-07,397183.2492,0.309038652,SEEEKILANLEAMKAKALAAKTEEEKLFYAKALLAVAISYAIRGDYELARAYASLAVTVAKSLSKEEQKKVLDFLLNVIKNITDKEDREGAIELAIAIAERLFGEVREELLKKIESLKKE,medium,low
dsm_pdl1_13,2,high,TRUE,8.23E-07,330123.1706,0.271846847,SEEEKILANLEAMKAKALAAKTEEEKLFYAKALLAVAISYAIRGDYELARAYASLAVTVAKSLSKEEQKKVLDFLLNVIKNITDKEDREGAIELAIAIAERLFGEVREELLKKIESLKKE,medium,low
dsm_pdl1_18,2,high,TRUE,9.14E-07,97716.59876,0.08927983,SAEEKINENLEAMKAKALAAKTEEQKLFYAKALLAVAASYIIRGKYYNAKEAAKLAVEVAKSLSETEQKKVMDFLINIIKGITDPKEREKAIELAIAIAERLDAAVRKEVLKKIETLKKE,medium,high
dsm_pdl1_18,1,high,TRUE,9.72E-07,70996.29547,0.068988236,SAEEKINENLEAMKAKALAAKTEEQKLFYAKALLAVAASYIIRGKYYNAKEAAKLAVEVAKSLSETEQKKVMDFLINIIKGITDPKEREKAIELAIAIAERLDAAVRKEVLKKIETLKKE,medium,high
dsm_pdl1_5,1,high,TRUE,1.00743E-06,6457.951576,0.006505946,SAEEKILANLEAMKAKALEAKTEEEKLFYAKALLAVAISYAIIGDYSLARRAAELAVEVAKSLSKEEQKKVMDFLINIIKFITDPEDREKAIELAIAIAERLDEEVREEALKKIESLKKE,weak,low
dsm_pdl1_3,2,high,TRUE,1.02702E-06,6646.810648,0.006826432,SAEERILANLEAMKAMALRAETFEEKEFYAKALLAVAISYAIRGDYELARRAAELAVEVIKELSQEEQKKVMRFLINIIKNITDPEDREKAIDLAIAIAERLDEEVKNEALKKIEELKKE,weak,high
dsm_pdl1_3,1,high,TRUE,1.09339E-06,6571.247424,0.007184904,SAEERILANLEAMKAMALRAETFEEKEFYAKALLAVAISYAIRGDYELARRAAELAVEVIKELSQEEQKKVMRFLINIIKNITDPEDREKAIDLAIAIAERLDEEVKNEALKKIEELKKE,weak,high
dsm_pdl1_9,2,high,TRUE,1.28791E-06,7168.71078,0.009232632,SAEEKILANLEAMKAKALAAETEEEKLFYAKALLAVAIFYAIRGDYELARRAAELAVEVAKSLSKEEQKKVVDFLWGIIGNITDPEDREKAIELAIAIAERLDEEVREEALKKIEELKKE,weak,high
dsm_pdl1_9,1,high,TRUE,1.29346E-06,6418.066667,0.008301511,SAEEKILANLEAMKAKALAAETEEEKLFYAKALLAVAIFYAIRGDYELARRAAELAVEVAKSLSKEEQKKVVDFLWGIIGNITDPEDREKAIELAIAIAERLDEEVREEALKKIEELKKE,weak,high
dsm_pdl1_1,1,high,FALSE,null,null,null,STEESKCELEKDMKAIVELIYEFVFFYIYAKQKLREAISALNTGKEEGAGREAKRAVYVMTAFYAEEIGKLADFFINIIKPITPEEKEEEKIEQSGATLAGEFRGVMEILKEVENGSQKK,none,null
dsm_pdl1_1,2,high,FALSE,null,null,null,STEESKCELEKDMKAIVELIYEFVFFYIYAKQKLREAISALNTGKEEGAGREAKRAVYVMTAFYAEEIGKLADFFINIIKPITPEEKEEEKIEQSGATLAGEFRGVMEILKEVENGSQKK,none,null
dsm_pdl1_10,1,high,FALSE,null,null,null,SRDEKLKANLEALKAKALNAKTEEEKLFYAKALNAVAISYAIRGLYELALEAFELAVEVIEELSLEEQKKVGDFIINIIKLITNGEEREEIIELLKKIAERLDEEVREELLKKIKELKRE,none,null
dsm_pdl1_10,2,high,FALSE,null,null,null,SRDEKLKANLEALKAKALNAKTEEEKLFYAKALNAVAISYAIRGLYELALEAFELAVEVIEELSLEEQKKVGDFIINIIKLITNGEEREEIIELLKKIAERLDEEVREELLKKIKELKRE,none,null
dsm_pdl1_14,1,high,FALSE,null,null,null,SAEQKILAGLEAMKEALLACKTKEERLFYAKAMLAVAISAQILGDYELAVRAAEFAVSVIKSLPKEEQKKAMDFLINVIKNITEKEDREKAIELAIAIAERLPEEARERAIKKIEELKKE,none,null
dsm_pdl1_14,2,high,FALSE,null,null,null,SAEQKILAGLEAMKEALLACKTKEERLFYAKAMLAVAISAQILGDYELAVRAAEFAVSVIKSLPKEEQKKAMDFLINVIKNITEKEDREKAIELAIAIAERLPEEARERAIKKIEELKKE,none,null
dsm_pdl1_15,1,high,FALSE,null,null,null,SAEEKILAILEAMKAKFLAAKTEEEKLFYAKALLAVAISYAIRGDKEKARFAAEYAVEVIDSLSKEEQKKVMHFLINIIKNISDPYDREKAIELAIAIAERLDGEVREEALKKIEELKKE,none,null
dsm_pdl1_15,2,high,FALSE,null,null,null,SAEEKILAILEAMKAKFLAAKTEEEKLFYAKALLAVAISYAIRGDKEKARFAAEYAVEVIDSLSKEEQKKVMHFLINIIKNISDPYDREKAIELAIAIAERLDGEVREEALKKIEELKKE,none,null
dsm_pdl1_20,1,high,FALSE,null,null,null,SEIEEIMANLEAMKSKVLAAKTEEEKLFYAKALLLVAISAYRRGNIELARRAAELSYEVIKSSSKEEKKKVMIFLINIIKNITNPEERDKIIYLAIPIAELLPEEDRENALKKAEELKGE,none,null
dsm_pdl1_20,2,high,FALSE,null,null,null,SEIEEIMANLEAMKSKVLAAKTEEEKLFYAKALLLVAISAYRRGNIELARRAAELSYEVIKSSSKEEKKKVMIFLINIIKNITNPEERDKIIYLAIPIAELLPEEDRENALKKAEELKGE,none,null
